company,city,website,founder_name,founder_contact_masked,source,source_page,also_seen_in,confidence,confidence
Abionic SA,,,,,Swiss Medtech Day 2026,https://www.swiss-medtech.ch/sites/default/files/2026-06/SMD26_Companies_260610.pdf,,"likely startup, unverified — Swiss Medtech Day only","likely startup, unverified — Swiss Medtech Day only"
AdvanThink,,,,,Swiss Medtech Day 2026,https://www.swiss-medtech.ch/sites/default/files/2026-06/SMD26_Companies_260610.pdf,,"likely startup, unverified — Swiss Medtech Day only","likely startup, unverified — Swiss Medtech Day only"
Aegis Healthcare Sárl,,,,,Swiss Medtech Day 2026,https://www.swiss-medtech.ch/sites/default/files/2026-06/SMD26_Companies_260610.pdf,,"likely startup, unverified — Swiss Medtech Day only","likely startup, unverified — Swiss Medtech Day only"
Agathon AG,,,,,Swiss Medtech Day 2026,https://www.swiss-medtech.ch/sites/default/files/2026-06/SMD26_Companies_260610.pdf,,"likely startup, unverified — Swiss Medtech Day only","likely startup, unverified — Swiss Medtech Day only"
AGILITA AG,,,,,Swiss Medtech Day 2026,https://www.swiss-medtech.ch/sites/default/files/2026-06/SMD26_Companies_260610.pdf,,"likely startup, unverified — Swiss Medtech Day only","likely startup, unverified — Swiss Medtech Day only"
Albedis AG,,,,,Swiss Medtech Day 2026,https://www.swiss-medtech.ch/sites/default/files/2026-06/SMD26_Companies_260610.pdf,,"likely startup, unverified — Swiss Medtech Day only","likely startup, unverified — Swiss Medtech Day only"
Albo Healthcare GmbH,,,,,Swiss Medtech Day 2026,https://www.swiss-medtech.ch/sites/default/files/2026-06/SMD26_Companies_260610.pdf,,"likely startup, unverified — Swiss Medtech Day only","likely startup, unverified — Swiss Medtech Day only"
Aligned AG,,,,,Swiss Medtech Day 2026,https://www.swiss-medtech.ch/sites/default/files/2026-06/SMD26_Companies_260610.pdf,,"likely startup, unverified — Swiss Medtech Day only","likely startup, unverified — Swiss Medtech Day only"
Alloga AG,,,,,Swiss Medtech Day 2026,https://www.swiss-medtech.ch/sites/default/files/2026-06/SMD26_Companies_260610.pdf,,"likely startup, unverified — Swiss Medtech Day only","likely startup, unverified — Swiss Medtech Day only"
alpenluft AG,,,,,Swiss Medtech Day 2026,https://www.swiss-medtech.ch/sites/default/files/2026-06/SMD26_Companies_260610.pdf,,"likely startup, unverified — Swiss Medtech Day only","likely startup, unverified — Swiss Medtech Day only"
AMHILL AG,,,,,Swiss Medtech Day 2026,https://www.swiss-medtech.ch/sites/default/files/2026-06/SMD26_Companies_260610.pdf,,"likely startup, unverified — Swiss Medtech Day only","likely startup, unverified — Swiss Medtech Day only"
Anel AG,,,,,Swiss Medtech Day 2026,https://www.swiss-medtech.ch/sites/default/files/2026-06/SMD26_Companies_260610.pdf,,"likely startup, unverified — Swiss Medtech Day only","likely startup, unverified — Swiss Medtech Day only"
Apersys AG,,,,,Swiss Medtech Day 2026,https://www.swiss-medtech.ch/sites/default/files/2026-06/SMD26_Companies_260610.pdf,,"likely startup, unverified — Swiss Medtech Day only","likely startup, unverified — Swiss Medtech Day only"
Aproda AG,,,,,Swiss Medtech Day 2026,https://www.swiss-medtech.ch/sites/default/files/2026-06/SMD26_Companies_260610.pdf,,"likely startup, unverified — Swiss Medtech Day only","likely startup, unverified — Swiss Medtech Day only"
ARCOZ AG,,,,,Swiss Medtech Day 2026,https://www.swiss-medtech.ch/sites/default/files/2026-06/SMD26_Companies_260610.pdf,,"likely startup, unverified — Swiss Medtech Day only","likely startup, unverified — Swiss Medtech Day only"
ARTIDIS AG,,,,,Swiss Medtech Day 2026,https://www.swiss-medtech.ch/sites/default/files/2026-06/SMD26_Companies_260610.pdf,,"likely startup, unverified — Swiss Medtech Day only","likely startup, unverified — Swiss Medtech Day only"
Artonis AG,,,,,Swiss Medtech Day 2026,https://www.swiss-medtech.ch/sites/default/files/2026-06/SMD26_Companies_260610.pdf,,"likely startup, unverified — Swiss Medtech Day only","likely startup, unverified — Swiss Medtech Day only"
Ascensia Diabetes Care Switzerland,,,,,Swiss Medtech Day 2026,https://www.swiss-medtech.ch/sites/default/files/2026-06/SMD26_Companies_260610.pdf,,"likely startup, unverified — Swiss Medtech Day only","likely startup, unverified — Swiss Medtech Day only"
ASKER Schweiz,,,,,Swiss Medtech Day 2026,https://www.swiss-medtech.ch/sites/default/files/2026-06/SMD26_Companies_260610.pdf,,"likely startup, unverified — Swiss Medtech Day only","likely startup, unverified — Swiss Medtech Day only"
ASP Global Manufacturing GmbH,,,,,Swiss Medtech Day 2026,https://www.swiss-medtech.ch/sites/default/files/2026-06/SMD26_Companies_260610.pdf,,"likely startup, unverified — Swiss Medtech Day only","likely startup, unverified — Swiss Medtech Day only"
Asyril SA,,,,,Swiss Medtech Day 2026,https://www.swiss-medtech.ch/sites/default/files/2026-06/SMD26_Companies_260610.pdf,,"likely startup, unverified — Swiss Medtech Day only","likely startup, unverified — Swiss Medtech Day only"
August Manser AG,,,,,Swiss Medtech Day 2026,https://www.swiss-medtech.ch/sites/default/files/2026-06/SMD26_Companies_260610.pdf,,"likely startup, unverified — Swiss Medtech Day only","likely startup, unverified — Swiss Medtech Day only"
avasis AG,,,,,Swiss Medtech Day 2026,https://www.swiss-medtech.ch/sites/default/files/2026-06/SMD26_Companies_260610.pdf,,"likely startup, unverified — Swiss Medtech Day only","likely startup, unverified — Swiss Medtech Day only"
avasis solutions GmbH,,,,,Swiss Medtech Day 2026,https://www.swiss-medtech.ch/sites/default/files/2026-06/SMD26_Companies_260610.pdf,,"likely startup, unverified — Swiss Medtech Day only","likely startup, unverified — Swiss Medtech Day only"
Avisura AG,,,,,Swiss Medtech Day 2026,https://www.swiss-medtech.ch/sites/default/files/2026-06/SMD26_Companies_260610.pdf,,"likely startup, unverified — Swiss Medtech Day only","likely startup, unverified — Swiss Medtech Day only"
AWA Switzerland SA,,,,,Swiss Medtech Day 2026,https://www.swiss-medtech.ch/sites/default/files/2026-06/SMD26_Companies_260610.pdf,,"likely startup, unverified — Swiss Medtech Day only","likely startup, unverified — Swiss Medtech Day only"
Axxos AG,,,,,Swiss Medtech Day 2026,https://www.swiss-medtech.ch/sites/default/files/2026-06/SMD26_Companies_260610.pdf,,"likely startup, unverified — Swiss Medtech Day only","likely startup, unverified — Swiss Medtech Day only"
B. Braun Medical AG,,,,,Swiss Medtech Day 2026,https://www.swiss-medtech.ch/sites/default/files/2026-06/SMD26_Companies_260610.pdf,,"likely startup, unverified — Swiss Medtech Day only","likely startup, unverified — Swiss Medtech Day only"
BAYOOMED GmbH,,,,,Swiss Medtech Day 2026,https://www.swiss-medtech.ch/sites/default/files/2026-06/SMD26_Companies_260610.pdf,,"likely startup, unverified — Swiss Medtech Day only","likely startup, unverified — Swiss Medtech Day only"
BAYOONET Service GmbH & Co. KG,,,,,Swiss Medtech Day 2026,https://www.swiss-medtech.ch/sites/default/files/2026-06/SMD26_Companies_260610.pdf,,"likely startup, unverified — Swiss Medtech Day only","likely startup, unverified — Swiss Medtech Day only"
BBC CELLPACK TECHNOLOGY AG,,,,,Swiss Medtech Day 2026,https://www.swiss-medtech.ch/sites/default/files/2026-06/SMD26_Companies_260610.pdf,,"likely startup, unverified — Swiss Medtech Day only","likely startup, unverified — Swiss Medtech Day only"
be-advanced AG,,,,,Swiss Medtech Day 2026,https://www.swiss-medtech.ch/sites/default/files/2026-06/SMD26_Companies_260610.pdf,,"likely startup, unverified — Swiss Medtech Day only","likely startup, unverified — Swiss Medtech Day only"
Bern Economic Development Agency,,,,,Swiss Medtech Day 2026,https://www.swiss-medtech.ch/sites/default/files/2026-06/SMD26_Companies_260610.pdf,,"likely startup, unverified — Swiss Medtech Day only","likely startup, unverified — Swiss Medtech Day only"
Beyond Diagnostics AG,,,,,Swiss Medtech Day 2026,https://www.swiss-medtech.ch/sites/default/files/2026-06/SMD26_Companies_260610.pdf,,"likely startup, unverified — Swiss Medtech Day only","likely startup, unverified — Swiss Medtech Day only"
Biopôle SA,,,,,Swiss Medtech Day 2026,https://www.swiss-medtech.ch/sites/default/files/2026-06/SMD26_Companies_260610.pdf,,"likely startup, unverified — Swiss Medtech Day only","likely startup, unverified — Swiss Medtech Day only"
BIOPRO Baden-Württemberg GmbH,,,,,Swiss Medtech Day 2026,https://www.swiss-medtech.ch/sites/default/files/2026-06/SMD26_Companies_260610.pdf,,"likely startup, unverified — Swiss Medtech Day only","likely startup, unverified — Swiss Medtech Day only"
BoSonic AG,,,,,Swiss Medtech Day 2026,https://www.swiss-medtech.ch/sites/default/files/2026-06/SMD26_Companies_260610.pdf,,"likely startup, unverified — Swiss Medtech Day only","likely startup, unverified — Swiss Medtech Day only"
Brütsch Technology AG,,,,,Swiss Medtech Day 2026,https://www.swiss-medtech.ch/sites/default/files/2026-06/SMD26_Companies_260610.pdf,,"likely startup, unverified — Swiss Medtech Day only","likely startup, unverified — Swiss Medtech Day only"
Bureau Veritas Switzerland AG,,,,,Swiss Medtech Day 2026,https://www.swiss-medtech.ch/sites/default/files/2026-06/SMD26_Companies_260610.pdf,,"likely startup, unverified — Swiss Medtech Day only","likely startup, unverified — Swiss Medtech Day only"
Bürki inno med AG,,,,,Swiss Medtech Day 2026,https://www.swiss-medtech.ch/sites/default/files/2026-06/SMD26_Companies_260610.pdf,,"likely startup, unverified — Swiss Medtech Day only","likely startup, unverified — Swiss Medtech Day only"
B-works GmbH,,,,,Swiss Medtech Day 2026,https://www.swiss-medtech.ch/sites/default/files/2026-06/SMD26_Companies_260610.pdf,,"likely startup, unverified — Swiss Medtech Day only","likely startup, unverified — Swiss Medtech Day only"
BW-TEC AG,,,,,Swiss Medtech Day 2026,https://www.swiss-medtech.ch/sites/default/files/2026-06/SMD26_Companies_260610.pdf,,"likely startup, unverified — Swiss Medtech Day only","likely startup, unverified — Swiss Medtech Day only"
CADFEM AG,,,,,Swiss Medtech Day 2026,https://www.swiss-medtech.ch/sites/default/files/2026-06/SMD26_Companies_260610.pdf,,"likely startup, unverified — Swiss Medtech Day only","likely startup, unverified — Swiss Medtech Day only"
CAMLOG Biotechnologies GmbH,,,,,Swiss Medtech Day 2026,https://www.swiss-medtech.ch/sites/default/files/2026-06/SMD26_Companies_260610.pdf,,"likely startup, unverified — Swiss Medtech Day only","likely startup, unverified — Swiss Medtech Day only"
Canton du Jura,,,,,Swiss Medtech Day 2026,https://www.swiss-medtech.ch/sites/default/files/2026-06/SMD26_Companies_260610.pdf,,"likely startup, unverified — Swiss Medtech Day only","likely startup, unverified — Swiss Medtech Day only"
Caragh Precision,,,,,Swiss Medtech Day 2026,https://www.swiss-medtech.ch/sites/default/files/2026-06/SMD26_Companies_260610.pdf,,"likely startup, unverified — Swiss Medtech Day only","likely startup, unverified — Swiss Medtech Day only"
CathNova,,,,,Swiss Medtech Day 2026,https://www.swiss-medtech.ch/sites/default/files/2026-06/SMD26_Companies_260610.pdf,,"likely startup, unverified — Swiss Medtech Day only","likely startup, unverified — Swiss Medtech Day only"
cdots GmbH,,,,,Swiss Medtech Day 2026,https://www.swiss-medtech.ch/sites/default/files/2026-06/SMD26_Companies_260610.pdf,,"likely startup, unverified — Swiss Medtech Day only","likely startup, unverified — Swiss Medtech Day only"
CECMED Regulatory Authority for Medicines and Medical Devices,,,,,Swiss Medtech Day 2026,https://www.swiss-medtech.ch/sites/default/files/2026-06/SMD26_Companies_260610.pdf,,"likely startup, unverified — Swiss Medtech Day only","likely startup, unverified — Swiss Medtech Day only"
Cendres et Metaux,,,,,Swiss Medtech Day 2026,https://www.swiss-medtech.ch/sites/default/files/2026-06/SMD26_Companies_260610.pdf,,"likely startup, unverified — Swiss Medtech Day only","likely startup, unverified — Swiss Medtech Day only"
Ceres Hive SA,,,,,Swiss Medtech Day 2026,https://www.swiss-medtech.ch/sites/default/files/2026-06/SMD26_Companies_260610.pdf,,"likely startup, unverified — Swiss Medtech Day only","likely startup, unverified — Swiss Medtech Day only"
Charsadda pharmacy,,,,,Swiss Medtech Day 2026,https://www.swiss-medtech.ch/sites/default/files/2026-06/SMD26_Companies_260610.pdf,,"likely startup, unverified — Swiss Medtech Day only","likely startup, unverified — Swiss Medtech Day only"
CINDER AG,,,,,Swiss Medtech Day 2026,https://www.swiss-medtech.ch/sites/default/files/2026-06/SMD26_Companies_260610.pdf,,"likely startup, unverified — Swiss Medtech Day only","likely startup, unverified — Swiss Medtech Day only"
Circum Life Sciences AG,,,,,Swiss Medtech Day 2026,https://www.swiss-medtech.ch/sites/default/files/2026-06/SMD26_Companies_260610.pdf,,"likely startup, unverified — Swiss Medtech Day only","likely startup, unverified — Swiss Medtech Day only"
CISTEC AG,,,,,Swiss Medtech Day 2026,https://www.swiss-medtech.ch/sites/default/files/2026-06/SMD26_Companies_260610.pdf,,"likely startup, unverified — Swiss Medtech Day only","likely startup, unverified — Swiss Medtech Day only"
Cloos electronic,,,,,Swiss Medtech Day 2026,https://www.swiss-medtech.ch/sites/default/files/2026-06/SMD26_Companies_260610.pdf,,"likely startup, unverified — Swiss Medtech Day only","likely startup, unverified — Swiss Medtech Day only"
CMSA,,,,,Swiss Medtech Day 2026,https://www.swiss-medtech.ch/sites/default/files/2026-06/SMD26_Companies_260610.pdf,,"likely startup, unverified — Swiss Medtech Day only","likely startup, unverified — Swiss Medtech Day only"
CODAN Medical AG,,,,,Swiss Medtech Day 2026,https://www.swiss-medtech.ch/sites/default/files/2026-06/SMD26_Companies_260610.pdf,,"likely startup, unverified — Swiss Medtech Day only","likely startup, unverified — Swiss Medtech Day only"
Compremium AG,,,,,Swiss Medtech Day 2026,https://www.swiss-medtech.ch/sites/default/files/2026-06/SMD26_Companies_260610.pdf,,"likely startup, unverified — Swiss Medtech Day only","likely startup, unverified — Swiss Medtech Day only"
confinis ag,,,,,Swiss Medtech Day 2026,https://www.swiss-medtech.ch/sites/default/files/2026-06/SMD26_Companies_260610.pdf,,"likely startup, unverified — Swiss Medtech Day only","likely startup, unverified — Swiss Medtech Day only"
Congenius AG,,,,,Swiss Medtech Day 2026,https://www.swiss-medtech.ch/sites/default/files/2026-06/SMD26_Companies_260610.pdf,,"likely startup, unverified — Swiss Medtech Day only","likely startup, unverified — Swiss Medtech Day only"
CoolMedTravel,,,,,Swiss Medtech Day 2026,https://www.swiss-medtech.ch/sites/default/files/2026-06/SMD26_Companies_260610.pdf,,"likely startup, unverified — Swiss Medtech Day only","likely startup, unverified — Swiss Medtech Day only"
Coopers Group AG,,,,,Swiss Medtech Day 2026,https://www.swiss-medtech.ch/sites/default/files/2026-06/SMD26_Companies_260610.pdf,,"likely startup, unverified — Swiss Medtech Day only","likely startup, unverified — Swiss Medtech Day only"
Corflow Therapeutics AG,,,,,Swiss Medtech Day 2026,https://www.swiss-medtech.ch/sites/default/files/2026-06/SMD26_Companies_260610.pdf,,"likely startup, unverified — Swiss Medtech Day only","likely startup, unverified — Swiss Medtech Day only"
Corscience GmbH & Co. KG,,,,,Swiss Medtech Day 2026,https://www.swiss-medtech.ch/sites/default/files/2026-06/SMD26_Companies_260610.pdf,,"likely startup, unverified — Swiss Medtech Day only","likely startup, unverified — Swiss Medtech Day only"
Cosanum AG,,,,,Swiss Medtech Day 2026,https://www.swiss-medtech.ch/sites/default/files/2026-06/SMD26_Companies_260610.pdf,,"likely startup, unverified — Swiss Medtech Day only","likely startup, unverified — Swiss Medtech Day only"
COSMO CONSULT AG,,,,,Swiss Medtech Day 2026,https://www.swiss-medtech.ch/sites/default/files/2026-06/SMD26_Companies_260610.pdf,,"likely startup, unverified — Swiss Medtech Day only","likely startup, unverified — Swiss Medtech Day only"
COSMO CONSULT SE,,,,,Swiss Medtech Day 2026,https://www.swiss-medtech.ch/sites/default/files/2026-06/SMD26_Companies_260610.pdf,,"likely startup, unverified — Swiss Medtech Day only","likely startup, unverified — Swiss Medtech Day only"
Creaholic,,,,,Swiss Medtech Day 2026,https://www.swiss-medtech.ch/sites/default/files/2026-06/SMD26_Companies_260610.pdf,,"likely startup, unverified — Swiss Medtech Day only","likely startup, unverified — Swiss Medtech Day only"
Creaholic SA,,,,,Swiss Medtech Day 2026,https://www.swiss-medtech.ch/sites/default/files/2026-06/SMD26_Companies_260610.pdf,,"likely startup, unverified — Swiss Medtech Day only","likely startup, unverified — Swiss Medtech Day only"
CrossC Healthcare Consulting GmbH,,,,,Swiss Medtech Day 2026,https://www.swiss-medtech.ch/sites/default/files/2026-06/SMD26_Companies_260610.pdf,,"likely startup, unverified — Swiss Medtech Day only","likely startup, unverified — Swiss Medtech Day only"
CSA Engineering AG,,,,,Swiss Medtech Day 2026,https://www.swiss-medtech.ch/sites/default/files/2026-06/SMD26_Companies_260610.pdf,,"likely startup, unverified — Swiss Medtech Day only","likely startup, unverified — Swiss Medtech Day only"
CuraQ GmbH,,,,,Swiss Medtech Day 2026,https://www.swiss-medtech.ch/sites/default/files/2026-06/SMD26_Companies_260610.pdf,,"likely startup, unverified — Swiss Medtech Day only","likely startup, unverified — Swiss Medtech Day only"
CVCI,,,,,Swiss Medtech Day 2026,https://www.swiss-medtech.ch/sites/default/files/2026-06/SMD26_Companies_260610.pdf,,"likely startup, unverified — Swiss Medtech Day only","likely startup, unverified — Swiss Medtech Day only"
Dätwyler Schweiz AG,,,,,Swiss Medtech Day 2026,https://www.swiss-medtech.ch/sites/default/files/2026-06/SMD26_Companies_260610.pdf,,"likely startup, unverified — Swiss Medtech Day only","likely startup, unverified — Swiss Medtech Day only"
De Bord International,,,,,Swiss Medtech Day 2026,https://www.swiss-medtech.ch/sites/default/files/2026-06/SMD26_Companies_260610.pdf,,"likely startup, unverified — Swiss Medtech Day only","likely startup, unverified — Swiss Medtech Day only"
Decomplix AG,,,,,Swiss Medtech Day 2026,https://www.swiss-medtech.ch/sites/default/files/2026-06/SMD26_Companies_260610.pdf,,"likely startup, unverified — Swiss Medtech Day only","likely startup, unverified — Swiss Medtech Day only"
DECTRIS,,,,,Swiss Medtech Day 2026,https://www.swiss-medtech.ch/sites/default/files/2026-06/SMD26_Companies_260610.pdf,,"likely startup, unverified — Swiss Medtech Day only","likely startup, unverified — Swiss Medtech Day only"
Dexterous Endoscopes Sàrl,,,,,Swiss Medtech Day 2026,https://www.swiss-medtech.ch/sites/default/files/2026-06/SMD26_Companies_260610.pdf,,"likely startup, unverified — Swiss Medtech Day only","likely startup, unverified — Swiss Medtech Day only"
DMT Produktentwicklung GmbH,,,,,Swiss Medtech Day 2026,https://www.swiss-medtech.ch/sites/default/files/2026-06/SMD26_Companies_260610.pdf,,"likely startup, unverified — Swiss Medtech Day only","likely startup, unverified — Swiss Medtech Day only"
dot consulting AG,,,,,Swiss Medtech Day 2026,https://www.swiss-medtech.ch/sites/default/files/2026-06/SMD26_Companies_260610.pdf,,"likely startup, unverified — Swiss Medtech Day only","likely startup, unverified — Swiss Medtech Day only"
DPerspective (Emina Atlagic),,,,,Swiss Medtech Day 2026,https://www.swiss-medtech.ch/sites/default/files/2026-06/SMD26_Companies_260610.pdf,,"likely startup, unverified — Swiss Medtech Day only","likely startup, unverified — Swiss Medtech Day only"
DQS Medizinprodukte GmbH,,,,,Swiss Medtech Day 2026,https://www.swiss-medtech.ch/sites/default/files/2026-06/SMD26_Companies_260610.pdf,,"likely startup, unverified — Swiss Medtech Day only","likely startup, unverified — Swiss Medtech Day only"
Dräger Schweiz AG,,,,,Swiss Medtech Day 2026,https://www.swiss-medtech.ch/sites/default/files/2026-06/SMD26_Companies_260610.pdf,,"likely startup, unverified — Swiss Medtech Day only","likely startup, unverified — Swiss Medtech Day only"
duagon AG,,,,,Swiss Medtech Day 2026,https://www.swiss-medtech.ch/sites/default/files/2026-06/SMD26_Companies_260610.pdf,,"likely startup, unverified — Swiss Medtech Day only","likely startup, unverified — Swiss Medtech Day only"
Dyconex,,,,,Swiss Medtech Day 2026,https://www.swiss-medtech.ch/sites/default/files/2026-06/SMD26_Companies_260610.pdf,,"likely startup, unverified — Swiss Medtech Day only","likely startup, unverified — Swiss Medtech Day only"
Dynamic Focus GmbH,,,,,Swiss Medtech Day 2026,https://www.swiss-medtech.ch/sites/default/files/2026-06/SMD26_Companies_260610.pdf,,"likely startup, unverified — Swiss Medtech Day only","likely startup, unverified — Swiss Medtech Day only"
Dynovo AG,,,,,Swiss Medtech Day 2026,https://www.swiss-medtech.ch/sites/default/files/2026-06/SMD26_Companies_260610.pdf,,"likely startup, unverified — Swiss Medtech Day only","likely startup, unverified — Swiss Medtech Day only"
ebovis,,,,,Swiss Medtech Day 2026,https://www.swiss-medtech.ch/sites/default/files/2026-06/SMD26_Companies_260610.pdf,,"likely startup, unverified — Swiss Medtech Day only","likely startup, unverified — Swiss Medtech Day only"
EDA,,,,,Swiss Medtech Day 2026,https://www.swiss-medtech.ch/sites/default/files/2026-06/SMD26_Companies_260610.pdf,,"likely startup, unverified — Swiss Medtech Day only","likely startup, unverified — Swiss Medtech Day only"
Edge Compliance,,,,,Swiss Medtech Day 2026,https://www.swiss-medtech.ch/sites/default/files/2026-06/SMD26_Companies_260610.pdf,,"likely startup, unverified — Swiss Medtech Day only","likely startup, unverified — Swiss Medtech Day only"
eevolve AG,,,,,Swiss Medtech Day 2026,https://www.swiss-medtech.ch/sites/default/files/2026-06/SMD26_Companies_260610.pdf,,"likely startup, unverified — Swiss Medtech Day only","likely startup, unverified — Swiss Medtech Day only"
Effectum Medical AG,,,,,Swiss Medtech Day 2026,https://www.swiss-medtech.ch/sites/default/files/2026-06/SMD26_Companies_260610.pdf,,"likely startup, unverified — Swiss Medtech Day only","likely startup, unverified — Swiss Medtech Day only"
ELCA Informatik AG,,,,,Swiss Medtech Day 2026,https://www.swiss-medtech.ch/sites/default/files/2026-06/SMD26_Companies_260610.pdf,,"likely startup, unverified — Swiss Medtech Day only","likely startup, unverified — Swiss Medtech Day only"
Electro Medical Systems (EMS),,,,,Swiss Medtech Day 2026,https://www.swiss-medtech.ch/sites/default/files/2026-06/SMD26_Companies_260610.pdf,,"likely startup, unverified — Swiss Medtech Day only","likely startup, unverified — Swiss Medtech Day only"
Emaform AG,,,,,Swiss Medtech Day 2026,https://www.swiss-medtech.ch/sites/default/files/2026-06/SMD26_Companies_260610.pdf,,"likely startup, unverified — Swiss Medtech Day only","likely startup, unverified — Swiss Medtech Day only"
Enterprise Ireland,,,,,Swiss Medtech Day 2026,https://www.swiss-medtech.ch/sites/default/files/2026-06/SMD26_Companies_260610.pdf,,"likely startup, unverified — Swiss Medtech Day only","likely startup, unverified — Swiss Medtech Day only"
epmodex AG,,,,,Swiss Medtech Day 2026,https://www.swiss-medtech.ch/sites/default/files/2026-06/SMD26_Companies_260610.pdf,,"likely startup, unverified — Swiss Medtech Day only","likely startup, unverified — Swiss Medtech Day only"
Ergon Informatik AG,,,,,Swiss Medtech Day 2026,https://www.swiss-medtech.ch/sites/default/files/2026-06/SMD26_Companies_260610.pdf,,"likely startup, unverified — Swiss Medtech Day only","likely startup, unverified — Swiss Medtech Day only"
Erni Schweiz AG,,,,,Swiss Medtech Day 2026,https://www.swiss-medtech.ch/sites/default/files/2026-06/SMD26_Companies_260610.pdf,,"likely startup, unverified — Swiss Medtech Day only","likely startup, unverified — Swiss Medtech Day only"
ESC 3 FRONTIÈRES,,,,,Swiss Medtech Day 2026,https://www.swiss-medtech.ch/sites/default/files/2026-06/SMD26_Companies_260610.pdf,,"likely startup, unverified — Swiss Medtech Day only","likely startup, unverified — Swiss Medtech Day only"
ESCATEC,,,,,Swiss Medtech Day 2026,https://www.swiss-medtech.ch/sites/default/files/2026-06/SMD26_Companies_260610.pdf,,"likely startup, unverified — Swiss Medtech Day only","likely startup, unverified — Swiss Medtech Day only"
Estienne Medical GmbH,,,,,Swiss Medtech Day 2026,https://www.swiss-medtech.ch/sites/default/files/2026-06/SMD26_Companies_260610.pdf,,"likely startup, unverified — Swiss Medtech Day only","likely startup, unverified — Swiss Medtech Day only"
EUSwissmed GmbH,,,,,Swiss Medtech Day 2026,https://www.swiss-medtech.ch/sites/default/files/2026-06/SMD26_Companies_260610.pdf,,"likely startup, unverified — Swiss Medtech Day only","likely startup, unverified — Swiss Medtech Day only"
evismo AG,,,,,Swiss Medtech Day 2026,https://www.swiss-medtech.ch/sites/default/files/2026-06/SMD26_Companies_260610.pdf,,"likely startup, unverified — Swiss Medtech Day only","likely startup, unverified — Swiss Medtech Day only"
ewimed Switzerland AG,,,,,Swiss Medtech Day 2026,https://www.swiss-medtech.ch/sites/default/files/2026-06/SMD26_Companies_260610.pdf,,"likely startup, unverified — Swiss Medtech Day only","likely startup, unverified — Swiss Medtech Day only"
Faiveleytech Ticino SA,,,,,Swiss Medtech Day 2026,https://www.swiss-medtech.ch/sites/default/files/2026-06/SMD26_Companies_260610.pdf,,"likely startup, unverified — Swiss Medtech Day only","likely startup, unverified — Swiss Medtech Day only"
FAU Erlangen,,,,,Swiss Medtech Day 2026,https://www.swiss-medtech.ch/sites/default/files/2026-06/SMD26_Companies_260610.pdf,,"likely startup, unverified — Swiss Medtech Day only","likely startup, unverified — Swiss Medtech Day only"
Faulhaber Minimotor SA,,,,,Swiss Medtech Day 2026,https://www.swiss-medtech.ch/sites/default/files/2026-06/SMD26_Companies_260610.pdf,,"likely startup, unverified — Swiss Medtech Day only","likely startup, unverified — Swiss Medtech Day only"
Faulhaber SA,,,,,Swiss Medtech Day 2026,https://www.swiss-medtech.ch/sites/default/files/2026-06/SMD26_Companies_260610.pdf,,"likely startup, unverified — Swiss Medtech Day only","likely startup, unverified — Swiss Medtech Day only"
Feinwerkoptik Zünd AG,,,,,Swiss Medtech Day 2026,https://www.swiss-medtech.ch/sites/default/files/2026-06/SMD26_Companies_260610.pdf,,"likely startup, unverified — Swiss Medtech Day only","likely startup, unverified — Swiss Medtech Day only"
Fieris GmbH,,,,,Swiss Medtech Day 2026,https://www.swiss-medtech.ch/sites/default/files/2026-06/SMD26_Companies_260610.pdf,,"likely startup, unverified — Swiss Medtech Day only","likely startup, unverified — Swiss Medtech Day only"
Flare International,,,,,Swiss Medtech Day 2026,https://www.swiss-medtech.ch/sites/default/files/2026-06/SMD26_Companies_260610.pdf,,"likely startup, unverified — Swiss Medtech Day only","likely startup, unverified — Swiss Medtech Day only"
FORÉCREU Deutschland GmbH,,,,,Swiss Medtech Day 2026,https://www.swiss-medtech.ch/sites/default/files/2026-06/SMD26_Companies_260610.pdf,,"likely startup, unverified — Swiss Medtech Day only","likely startup, unverified — Swiss Medtech Day only"
formscope GmbH,,,,,Swiss Medtech Day 2026,https://www.swiss-medtech.ch/sites/default/files/2026-06/SMD26_Companies_260610.pdf,,"likely startup, unverified — Swiss Medtech Day only","likely startup, unverified — Swiss Medtech Day only"
Frike Pharma AG,,,,,Swiss Medtech Day 2026,https://www.swiss-medtech.ch/sites/default/files/2026-06/SMD26_Companies_260610.pdf,,"likely startup, unverified — Swiss Medtech Day only","likely startup, unverified — Swiss Medtech Day only"
FUCHS SWISS LUBRICANTS AG,,,,,Swiss Medtech Day 2026,https://www.swiss-medtech.ch/sites/default/files/2026-06/SMD26_Companies_260610.pdf,,"likely startup, unverified — Swiss Medtech Day only","likely startup, unverified — Swiss Medtech Day only"
Galvanik Hofmann AG,,,,,Swiss Medtech Day 2026,https://www.swiss-medtech.ch/sites/default/files/2026-06/SMD26_Companies_260610.pdf,,"likely startup, unverified — Swiss Medtech Day only","likely startup, unverified — Swiss Medtech Day only"
Gebrüder Renggli AG,,,,,Swiss Medtech Day 2026,https://www.swiss-medtech.ch/sites/default/files/2026-06/SMD26_Companies_260610.pdf,,"likely startup, unverified — Swiss Medtech Day only","likely startup, unverified — Swiss Medtech Day only"
GENUI AG,,,,,Swiss Medtech Day 2026,https://www.swiss-medtech.ch/sites/default/files/2026-06/SMD26_Companies_260610.pdf,,"likely startup, unverified — Swiss Medtech Day only","likely startup, unverified — Swiss Medtech Day only"
GenXBioscience AG,,,,,Swiss Medtech Day 2026,https://www.swiss-medtech.ch/sites/default/files/2026-06/SMD26_Companies_260610.pdf,,"likely startup, unverified — Swiss Medtech Day only","likely startup, unverified — Swiss Medtech Day only"
GlobalLogic Poland Sp,,,,,Swiss Medtech Day 2026,https://www.swiss-medtech.ch/sites/default/files/2026-06/SMD26_Companies_260610.pdf,,"likely startup, unverified — Swiss Medtech Day only","likely startup, unverified — Swiss Medtech Day only"
GMP4U GmbH,,,,,Swiss Medtech Day 2026,https://www.swiss-medtech.ch/sites/default/files/2026-06/SMD26_Companies_260610.pdf,,"likely startup, unverified — Swiss Medtech Day only","likely startup, unverified — Swiss Medtech Day only"
graspit GmbH,,,,,Swiss Medtech Day 2026,https://www.swiss-medtech.ch/sites/default/files/2026-06/SMD26_Companies_260610.pdf,,"likely startup, unverified — Swiss Medtech Day only","likely startup, unverified — Swiss Medtech Day only"
GratXray AG,,,,,Swiss Medtech Day 2026,https://www.swiss-medtech.ch/sites/default/files/2026-06/SMD26_Companies_260610.pdf,,"likely startup, unverified — Swiss Medtech Day only","likely startup, unverified — Swiss Medtech Day only"
Greater Zurich Area,,,,,Swiss Medtech Day 2026,https://www.swiss-medtech.ch/sites/default/files/2026-06/SMD26_Companies_260610.pdf,,"likely startup, unverified — Swiss Medtech Day only","likely startup, unverified — Swiss Medtech Day only"
Gribi AG Belp,,,,,Swiss Medtech Day 2026,https://www.swiss-medtech.ch/sites/default/files/2026-06/SMD26_Companies_260610.pdf,,"likely startup, unverified — Swiss Medtech Day only","likely startup, unverified — Swiss Medtech Day only"
Grossenbacher Systeme AG,,,,,Swiss Medtech Day 2026,https://www.swiss-medtech.ch/sites/default/files/2026-06/SMD26_Companies_260610.pdf,,"likely startup, unverified — Swiss Medtech Day only","likely startup, unverified — Swiss Medtech Day only"
GS Swiss PCB AG,,,,,Swiss Medtech Day 2026,https://www.swiss-medtech.ch/sites/default/files/2026-06/SMD26_Companies_260610.pdf,,"likely startup, unverified — Swiss Medtech Day only","likely startup, unverified — Swiss Medtech Day only"
GS1 Switzerland,,,,,Swiss Medtech Day 2026,https://www.swiss-medtech.ch/sites/default/files/2026-06/SMD26_Companies_260610.pdf,,"likely startup, unverified — Swiss Medtech Day only","likely startup, unverified — Swiss Medtech Day only"
H&T Presspart,,,,,Swiss Medtech Day 2026,https://www.swiss-medtech.ch/sites/default/files/2026-06/SMD26_Companies_260610.pdf,,"likely startup, unverified — Swiss Medtech Day only","likely startup, unverified — Swiss Medtech Day only"
H.I.Executive Consulting AG,,,,,Swiss Medtech Day 2026,https://www.swiss-medtech.ch/sites/default/files/2026-06/SMD26_Companies_260610.pdf,,"likely startup, unverified — Swiss Medtech Day only","likely startup, unverified — Swiss Medtech Day only"
Handelskammer Deutschland-Schweiz,,,,,Swiss Medtech Day 2026,https://www.swiss-medtech.ch/sites/default/files/2026-06/SMD26_Companies_260610.pdf,,"likely startup, unverified — Swiss Medtech Day only","likely startup, unverified — Swiss Medtech Day only"
HARTER GmbH,,,,,Swiss Medtech Day 2026,https://www.swiss-medtech.ch/sites/default/files/2026-06/SMD26_Companies_260610.pdf,,"likely startup, unverified — Swiss Medtech Day only","likely startup, unverified — Swiss Medtech Day only"
Healthcare Holding Schweiz AG,,,,,Swiss Medtech Day 2026,https://www.swiss-medtech.ch/sites/default/files/2026-06/SMD26_Companies_260610.pdf,,"likely startup, unverified — Swiss Medtech Day only","likely startup, unverified — Swiss Medtech Day only"
healthcare projects consulting & management Stein,,,,,Swiss Medtech Day 2026,https://www.swiss-medtech.ch/sites/default/files/2026-06/SMD26_Companies_260610.pdf,,"likely startup, unverified — Swiss Medtech Day only","likely startup, unverified — Swiss Medtech Day only"
HEALTHGROWER SCR SA,,,,,Swiss Medtech Day 2026,https://www.swiss-medtech.ch/sites/default/files/2026-06/SMD26_Companies_260610.pdf,,"likely startup, unverified — Swiss Medtech Day only","likely startup, unverified — Swiss Medtech Day only"
Healthtechpark Zurich - Schlieren,,,,,Swiss Medtech Day 2026,https://www.swiss-medtech.ch/sites/default/files/2026-06/SMD26_Companies_260610.pdf,,"likely startup, unverified — Swiss Medtech Day only","likely startup, unverified — Swiss Medtech Day only"
HEC Lausanne,,,,,Swiss Medtech Day 2026,https://www.swiss-medtech.ch/sites/default/files/2026-06/SMD26_Companies_260610.pdf,,"likely startup, unverified — Swiss Medtech Day only","likely startup, unverified — Swiss Medtech Day only"
HEIA Fribourg,,,,,Swiss Medtech Day 2026,https://www.swiss-medtech.ch/sites/default/files/2026-06/SMD26_Companies_260610.pdf,,"likely startup, unverified — Swiss Medtech Day only","likely startup, unverified — Swiss Medtech Day only"
Helbling Technik AG,,,,,Swiss Medtech Day 2026,https://www.swiss-medtech.ch/sites/default/files/2026-06/SMD26_Companies_260610.pdf,,"likely startup, unverified — Swiss Medtech Day only","likely startup, unverified — Swiss Medtech Day only"
Helbling Technik Bern AG,,,,,Swiss Medtech Day 2026,https://www.swiss-medtech.ch/sites/default/files/2026-06/SMD26_Companies_260610.pdf,,"likely startup, unverified — Swiss Medtech Day only","likely startup, unverified — Swiss Medtech Day only"
Helbling Technik Wil AG,,,,,Swiss Medtech Day 2026,https://www.swiss-medtech.ch/sites/default/files/2026-06/SMD26_Companies_260610.pdf,,"likely startup, unverified — Swiss Medtech Day only","likely startup, unverified — Swiss Medtech Day only"
Helix Life Sciences SA,,,,,Swiss Medtech Day 2026,https://www.swiss-medtech.ch/sites/default/files/2026-06/SMD26_Companies_260610.pdf,,"likely startup, unverified — Swiss Medtech Day only","likely startup, unverified — Swiss Medtech Day only"
Helmholtz-Zentrum Hereon,,,,,Swiss Medtech Day 2026,https://www.swiss-medtech.ch/sites/default/files/2026-06/SMD26_Companies_260610.pdf,,"likely startup, unverified — Swiss Medtech Day only","likely startup, unverified — Swiss Medtech Day only"
Helvetikett AG,,,,,Swiss Medtech Day 2026,https://www.swiss-medtech.ch/sites/default/files/2026-06/SMD26_Companies_260610.pdf,,"likely startup, unverified — Swiss Medtech Day only","likely startup, unverified — Swiss Medtech Day only"
Hemex AG,,,,,Swiss Medtech Day 2026,https://www.swiss-medtech.ch/sites/default/files/2026-06/SMD26_Companies_260610.pdf,,"likely startup, unverified — Swiss Medtech Day only","likely startup, unverified — Swiss Medtech Day only"
hemotune AG,,,,,Swiss Medtech Day 2026,https://www.swiss-medtech.ch/sites/default/files/2026-06/SMD26_Companies_260610.pdf,,"likely startup, unverified — Swiss Medtech Day only","likely startup, unverified — Swiss Medtech Day only"
Hightech Zentrum Aargau AG,,,,,Swiss Medtech Day 2026,https://www.swiss-medtech.ch/sites/default/files/2026-06/SMD26_Companies_260610.pdf,,"likely startup, unverified — Swiss Medtech Day only","likely startup, unverified — Swiss Medtech Day only"
HKT Design GmbH,,,,,Swiss Medtech Day 2026,https://www.swiss-medtech.ch/sites/default/files/2026-06/SMD26_Companies_260610.pdf,,"likely startup, unverified — Swiss Medtech Day only","likely startup, unverified — Swiss Medtech Day only"
HLTHY Group AG,,,,,Swiss Medtech Day 2026,https://www.swiss-medtech.ch/sites/default/files/2026-06/SMD26_Companies_260610.pdf,,"likely startup, unverified — Swiss Medtech Day only","likely startup, unverified — Swiss Medtech Day only"
Human Engineering Lab - HEPIA,,,,,Swiss Medtech Day 2026,https://www.swiss-medtech.ch/sites/default/files/2026-06/SMD26_Companies_260610.pdf,,"likely startup, unverified — Swiss Medtech Day only","likely startup, unverified — Swiss Medtech Day only"
icotec,,,,,Swiss Medtech Day 2026,https://www.swiss-medtech.ch/sites/default/files/2026-06/SMD26_Companies_260610.pdf,,"likely startup, unverified — Swiss Medtech Day only","likely startup, unverified — Swiss Medtech Day only"
ICS Medical Devices,,,,,Swiss Medtech Day 2026,https://www.swiss-medtech.ch/sites/default/files/2026-06/SMD26_Companies_260610.pdf,,"likely startup, unverified — Swiss Medtech Day only","likely startup, unverified — Swiss Medtech Day only"
ICU tech GmbH,,,,,Swiss Medtech Day 2026,https://www.swiss-medtech.ch/sites/default/files/2026-06/SMD26_Companies_260610.pdf,,"likely startup, unverified — Swiss Medtech Day only","likely startup, unverified — Swiss Medtech Day only"
iCure,,,,,Swiss Medtech Day 2026,https://www.swiss-medtech.ch/sites/default/files/2026-06/SMD26_Companies_260610.pdf,,"likely startup, unverified — Swiss Medtech Day only","likely startup, unverified — Swiss Medtech Day only"
Iftest AG,,,,,Swiss Medtech Day 2026,https://www.swiss-medtech.ch/sites/default/files/2026-06/SMD26_Companies_260610.pdf,,"likely startup, unverified — Swiss Medtech Day only","likely startup, unverified — Swiss Medtech Day only"
IMT Information Management Technology AG,,,,,Swiss Medtech Day 2026,https://www.swiss-medtech.ch/sites/default/files/2026-06/SMD26_Companies_260610.pdf,,"likely startup, unverified — Swiss Medtech Day only","likely startup, unverified — Swiss Medtech Day only"
Inacta Group AG,,,,,Swiss Medtech Day 2026,https://www.swiss-medtech.ch/sites/default/files/2026-06/SMD26_Companies_260610.pdf,,"likely startup, unverified — Swiss Medtech Day only","likely startup, unverified — Swiss Medtech Day only"
Independent Professional,,,,,Swiss Medtech Day 2026,https://www.swiss-medtech.ch/sites/default/files/2026-06/SMD26_Companies_260610.pdf,,"likely startup, unverified — Swiss Medtech Day only","likely startup, unverified — Swiss Medtech Day only"
inkcleaner,,,,,Swiss Medtech Day 2026,https://www.swiss-medtech.ch/sites/default/files/2026-06/SMD26_Companies_260610.pdf,,"likely startup, unverified — Swiss Medtech Day only","likely startup, unverified — Swiss Medtech Day only"
inmedis AG,,,,,Swiss Medtech Day 2026,https://www.swiss-medtech.ch/sites/default/files/2026-06/SMD26_Companies_260610.pdf,,"likely startup, unverified — Swiss Medtech Day only","likely startup, unverified — Swiss Medtech Day only"
Integra Sitek AG,,,,,Swiss Medtech Day 2026,https://www.swiss-medtech.ch/sites/default/files/2026-06/SMD26_Companies_260610.pdf,,"likely startup, unverified — Swiss Medtech Day only","likely startup, unverified — Swiss Medtech Day only"
inteQRA GmbH,,,,,Swiss Medtech Day 2026,https://www.swiss-medtech.ch/sites/default/files/2026-06/SMD26_Companies_260610.pdf,,"likely startup, unverified — Swiss Medtech Day only","likely startup, unverified — Swiss Medtech Day only"
International Center for Multimorbidity and Complexity in Medicine,,,,,Swiss Medtech Day 2026,https://www.swiss-medtech.ch/sites/default/files/2026-06/SMD26_Companies_260610.pdf,,"likely startup, unverified — Swiss Medtech Day only","likely startup, unverified — Swiss Medtech Day only"
Invest Neuchâtel,,,,,Swiss Medtech Day 2026,https://www.swiss-medtech.ch/sites/default/files/2026-06/SMD26_Companies_260610.pdf,,"likely startup, unverified — Swiss Medtech Day only","likely startup, unverified — Swiss Medtech Day only"
ipp Dr. Klügl,,,,,Swiss Medtech Day 2026,https://www.swiss-medtech.ch/sites/default/files/2026-06/SMD26_Companies_260610.pdf,,"likely startup, unverified — Swiss Medtech Day only","likely startup, unverified — Swiss Medtech Day only"
ISO,,,,,Swiss Medtech Day 2026,https://www.swiss-medtech.ch/sites/default/files/2026-06/SMD26_Companies_260610.pdf,,"likely startup, unverified — Swiss Medtech Day only","likely startup, unverified — Swiss Medtech Day only"
ISOFT (AdvanThink),,,,,Swiss Medtech Day 2026,https://www.swiss-medtech.ch/sites/default/files/2026-06/SMD26_Companies_260610.pdf,,"likely startup, unverified — Swiss Medtech Day only","likely startup, unverified — Swiss Medtech Day only"
ISP HEALTHCARE GmbH,,,,,Swiss Medtech Day 2026,https://www.swiss-medtech.ch/sites/default/files/2026-06/SMD26_Companies_260610.pdf,,"likely startup, unverified — Swiss Medtech Day only","likely startup, unverified — Swiss Medtech Day only"
ITK Engineering GmbH,,,,,Swiss Medtech Day 2026,https://www.swiss-medtech.ch/sites/default/files/2026-06/SMD26_Companies_260610.pdf,,"likely startup, unverified — Swiss Medtech Day only","likely startup, unverified — Swiss Medtech Day only"
Josef Binkert AG,,,,,Swiss Medtech Day 2026,https://www.swiss-medtech.ch/sites/default/files/2026-06/SMD26_Companies_260610.pdf,,"likely startup, unverified — Swiss Medtech Day only","likely startup, unverified — Swiss Medtech Day only"
"Kanton Aargau, Standortförderung",,,,,Swiss Medtech Day 2026,https://www.swiss-medtech.ch/sites/default/files/2026-06/SMD26_Companies_260610.pdf,,"likely startup, unverified — Swiss Medtech Day only","likely startup, unverified — Swiss Medtech Day only"
kerAccurate,,,,,Swiss Medtech Day 2026,https://www.swiss-medtech.ch/sites/default/files/2026-06/SMD26_Companies_260610.pdf,,"likely startup, unverified — Swiss Medtech Day only","likely startup, unverified — Swiss Medtech Day only"
KIPA AB,,,,,Swiss Medtech Day 2026,https://www.swiss-medtech.ch/sites/default/files/2026-06/SMD26_Companies_260610.pdf,,"likely startup, unverified — Swiss Medtech Day only","likely startup, unverified — Swiss Medtech Day only"
konplan,,,,,Swiss Medtech Day 2026,https://www.swiss-medtech.ch/sites/default/files/2026-06/SMD26_Companies_260610.pdf,,"likely startup, unverified — Swiss Medtech Day only","likely startup, unverified — Swiss Medtech Day only"
konplan Group AG,,,,,Swiss Medtech Day 2026,https://www.swiss-medtech.ch/sites/default/files/2026-06/SMD26_Companies_260610.pdf,,"likely startup, unverified — Swiss Medtech Day only","likely startup, unverified — Swiss Medtech Day only"
konplan Schweiz,,,,,Swiss Medtech Day 2026,https://www.swiss-medtech.ch/sites/default/files/2026-06/SMD26_Companies_260610.pdf,,"likely startup, unverified — Swiss Medtech Day only","likely startup, unverified — Swiss Medtech Day only"
Konplan Schweiz AG,,,,,Swiss Medtech Day 2026,https://www.swiss-medtech.ch/sites/default/files/2026-06/SMD26_Companies_260610.pdf,,"likely startup, unverified — Swiss Medtech Day only","likely startup, unverified — Swiss Medtech Day only"
Kontaktstelle Wirtschaft Kanton Zug,,,,,Swiss Medtech Day 2026,https://www.swiss-medtech.ch/sites/default/files/2026-06/SMD26_Companies_260610.pdf,,"likely startup, unverified — Swiss Medtech Day only","likely startup, unverified — Swiss Medtech Day only"
KUMAVISION AG,,,,,Swiss Medtech Day 2026,https://www.swiss-medtech.ch/sites/default/files/2026-06/SMD26_Companies_260610.pdf,,"likely startup, unverified — Swiss Medtech Day only","likely startup, unverified — Swiss Medtech Day only"
Kuraray Europe GmbH,,,,,Swiss Medtech Day 2026,https://www.swiss-medtech.ch/sites/default/files/2026-06/SMD26_Companies_260610.pdf,,"likely startup, unverified — Swiss Medtech Day only","likely startup, unverified — Swiss Medtech Day only"
LAQA CARE AG,,,,,Swiss Medtech Day 2026,https://www.swiss-medtech.ch/sites/default/files/2026-06/SMD26_Companies_260610.pdf,,"likely startup, unverified — Swiss Medtech Day only","likely startup, unverified — Swiss Medtech Day only"
Latscha Schöllhorn Partner AG,,,,,Swiss Medtech Day 2026,https://www.swiss-medtech.ch/sites/default/files/2026-06/SMD26_Companies_260610.pdf,,"likely startup, unverified — Swiss Medtech Day only","likely startup, unverified — Swiss Medtech Day only"
Laubscher Präzision AG,,,,,Swiss Medtech Day 2026,https://www.swiss-medtech.ch/sites/default/files/2026-06/SMD26_Companies_260610.pdf,,"likely startup, unverified — Swiss Medtech Day only","likely startup, unverified — Swiss Medtech Day only"
Leitner AG,,,,,Swiss Medtech Day 2026,https://www.swiss-medtech.ch/sites/default/files/2026-06/SMD26_Companies_260610.pdf,,"likely startup, unverified — Swiss Medtech Day only","likely startup, unverified — Swiss Medtech Day only"
LEM Surgical AG,,,,,Swiss Medtech Day 2026,https://www.swiss-medtech.ch/sites/default/files/2026-06/SMD26_Companies_260610.pdf,,"likely startup, unverified — Swiss Medtech Day only","likely startup, unverified — Swiss Medtech Day only"
lentiltec gmbh,,,,,Swiss Medtech Day 2026,https://www.swiss-medtech.ch/sites/default/files/2026-06/SMD26_Companies_260610.pdf,,"likely startup, unverified — Swiss Medtech Day only","likely startup, unverified — Swiss Medtech Day only"
Let's Innovate,,,,,Swiss Medtech Day 2026,https://www.swiss-medtech.ch/sites/default/files/2026-06/SMD26_Companies_260610.pdf,,"likely startup, unverified — Swiss Medtech Day only","likely startup, unverified — Swiss Medtech Day only"
Leu Consulting,,,,,Swiss Medtech Day 2026,https://www.swiss-medtech.ch/sites/default/files/2026-06/SMD26_Companies_260610.pdf,,"likely startup, unverified — Swiss Medtech Day only","likely startup, unverified — Swiss Medtech Day only"
Lf mate,,,,,Swiss Medtech Day 2026,https://www.swiss-medtech.ch/sites/default/files/2026-06/SMD26_Companies_260610.pdf,,"likely startup, unverified — Swiss Medtech Day only","likely startup, unverified — Swiss Medtech Day only"
Lifestage Solutions AG,,,,,Swiss Medtech Day 2026,https://www.swiss-medtech.ch/sites/default/files/2026-06/SMD26_Companies_260610.pdf,,"likely startup, unverified — Swiss Medtech Day only","likely startup, unverified — Swiss Medtech Day only"
LIFMET,,,,,Swiss Medtech Day 2026,https://www.swiss-medtech.ch/sites/default/files/2026-06/SMD26_Companies_260610.pdf,,"likely startup, unverified — Swiss Medtech Day only","likely startup, unverified — Swiss Medtech Day only"
LogMan AG,,,,,Swiss Medtech Day 2026,https://www.swiss-medtech.ch/sites/default/files/2026-06/SMD26_Companies_260610.pdf,,"likely startup, unverified — Swiss Medtech Day only","likely startup, unverified — Swiss Medtech Day only"
LUCENDRA SA,,,,,Swiss Medtech Day 2026,https://www.swiss-medtech.ch/sites/default/files/2026-06/SMD26_Companies_260610.pdf,,"likely startup, unverified — Swiss Medtech Day only","likely startup, unverified — Swiss Medtech Day only"
Lucie - Trusted Trials,,,,,Swiss Medtech Day 2026,https://www.swiss-medtech.ch/sites/default/files/2026-06/SMD26_Companies_260610.pdf,,"likely startup, unverified — Swiss Medtech Day only","likely startup, unverified — Swiss Medtech Day only"
Luminati,,,,,Swiss Medtech Day 2026,https://www.swiss-medtech.ch/sites/default/files/2026-06/SMD26_Companies_260610.pdf,,"likely startup, unverified — Swiss Medtech Day only","likely startup, unverified — Swiss Medtech Day only"
Lymphatica Medtech SA,,,,,Swiss Medtech Day 2026,https://www.swiss-medtech.ch/sites/default/files/2026-06/SMD26_Companies_260610.pdf,,"likely startup, unverified — Swiss Medtech Day only","likely startup, unverified — Swiss Medtech Day only"
machineMD,,,,,Swiss Medtech Day 2026,https://www.swiss-medtech.ch/sites/default/files/2026-06/SMD26_Companies_260610.pdf,,"likely startup, unverified — Swiss Medtech Day only","likely startup, unverified — Swiss Medtech Day only"
MAIT Swiss GmbH,,,,,Swiss Medtech Day 2026,https://www.swiss-medtech.ch/sites/default/files/2026-06/SMD26_Companies_260610.pdf,,"likely startup, unverified — Swiss Medtech Day only","likely startup, unverified — Swiss Medtech Day only"
Manuplast,,,,,Swiss Medtech Day 2026,https://www.swiss-medtech.ch/sites/default/files/2026-06/SMD26_Companies_260610.pdf,,"likely startup, unverified — Swiss Medtech Day only","likely startup, unverified — Swiss Medtech Day only"
MatterDecoder SA,,,,,Swiss Medtech Day 2026,https://www.swiss-medtech.ch/sites/default/files/2026-06/SMD26_Companies_260610.pdf,,"likely startup, unverified — Swiss Medtech Day only","likely startup, unverified — Swiss Medtech Day only"
Medartis AG,,,,,Swiss Medtech Day 2026,https://www.swiss-medtech.ch/sites/default/files/2026-06/SMD26_Companies_260610.pdf,,"likely startup, unverified — Swiss Medtech Day only","likely startup, unverified — Swiss Medtech Day only"
Medddbase,,,,,Swiss Medtech Day 2026,https://www.swiss-medtech.ch/sites/default/files/2026-06/SMD26_Companies_260610.pdf,,"likely startup, unverified — Swiss Medtech Day only","likely startup, unverified — Swiss Medtech Day only"
Medgate AG,,,,,Swiss Medtech Day 2026,https://www.swiss-medtech.ch/sites/default/files/2026-06/SMD26_Companies_260610.pdf,,"likely startup, unverified — Swiss Medtech Day only","likely startup, unverified — Swiss Medtech Day only"
Medicalboard,,,,,Swiss Medtech Day 2026,https://www.swiss-medtech.ch/sites/default/files/2026-06/SMD26_Companies_260610.pdf,,"likely startup, unverified — Swiss Medtech Day only","likely startup, unverified — Swiss Medtech Day only"
MedicalMountains GmbH,,,,,Swiss Medtech Day 2026,https://www.swiss-medtech.ch/sites/default/files/2026-06/SMD26_Companies_260610.pdf,,"likely startup, unverified — Swiss Medtech Day only","likely startup, unverified — Swiss Medtech Day only"
Medipack AG,,,,,Swiss Medtech Day 2026,https://www.swiss-medtech.ch/sites/default/files/2026-06/SMD26_Companies_260610.pdf,,"likely startup, unverified — Swiss Medtech Day only","likely startup, unverified — Swiss Medtech Day only"
Medistri,,,,,Swiss Medtech Day 2026,https://www.swiss-medtech.ch/sites/default/files/2026-06/SMD26_Companies_260610.pdf,,"likely startup, unverified — Swiss Medtech Day only","likely startup, unverified — Swiss Medtech Day only"
Meditrial Europe Ltd.,,,,,Swiss Medtech Day 2026,https://www.swiss-medtech.ch/sites/default/files/2026-06/SMD26_Companies_260610.pdf,,"likely startup, unverified — Swiss Medtech Day only","likely startup, unverified — Swiss Medtech Day only"
medmix Group AG,,,,,Swiss Medtech Day 2026,https://www.swiss-medtech.ch/sites/default/files/2026-06/SMD26_Companies_260610.pdf,,"likely startup, unverified — Swiss Medtech Day only","likely startup, unverified — Swiss Medtech Day only"
medmix Switzerland AG,,,,,Swiss Medtech Day 2026,https://www.swiss-medtech.ch/sites/default/files/2026-06/SMD26_Companies_260610.pdf,,"likely startup, unverified — Swiss Medtech Day only","likely startup, unverified — Swiss Medtech Day only"
Medows,,,,,Swiss Medtech Day 2026,https://www.swiss-medtech.ch/sites/default/files/2026-06/SMD26_Companies_260610.pdf,,"likely startup, unverified — Swiss Medtech Day only","likely startup, unverified — Swiss Medtech Day only"
MedTech Europe,,,,,Swiss Medtech Day 2026,https://www.swiss-medtech.ch/sites/default/files/2026-06/SMD26_Companies_260610.pdf,,"likely startup, unverified — Swiss Medtech Day only","likely startup, unverified — Swiss Medtech Day only"
MedTechXperts GmbH,,,,,Swiss Medtech Day 2026,https://www.swiss-medtech.ch/sites/default/files/2026-06/SMD26_Companies_260610.pdf,,"likely startup, unverified — Swiss Medtech Day only","likely startup, unverified — Swiss Medtech Day only"
Metecon GmbH,,,,,Swiss Medtech Day 2026,https://www.swiss-medtech.ch/sites/default/files/2026-06/SMD26_Companies_260610.pdf,,"likely startup, unverified — Swiss Medtech Day only","likely startup, unverified — Swiss Medtech Day only"
Metoxit AG,,,,,Swiss Medtech Day 2026,https://www.swiss-medtech.ch/sites/default/files/2026-06/SMD26_Companies_260610.pdf,,"likely startup, unverified — Swiss Medtech Day only","likely startup, unverified — Swiss Medtech Day only"
Microdul AG,,,,,Swiss Medtech Day 2026,https://www.swiss-medtech.ch/sites/default/files/2026-06/SMD26_Companies_260610.pdf,,"likely startup, unverified — Swiss Medtech Day only","likely startup, unverified — Swiss Medtech Day only"
"Mikron Switzerland AG, Agno Division Tool",,,,,Swiss Medtech Day 2026,https://www.swiss-medtech.ch/sites/default/files/2026-06/SMD26_Companies_260610.pdf,,"likely startup, unverified — Swiss Medtech Day only","likely startup, unverified — Swiss Medtech Day only"
Milani Design & Consulting AG,,,,,Swiss Medtech Day 2026,https://www.swiss-medtech.ch/sites/default/files/2026-06/SMD26_Companies_260610.pdf,,"likely startup, unverified — Swiss Medtech Day only","likely startup, unverified — Swiss Medtech Day only"
mindsys GmbH,,,,,Swiss Medtech Day 2026,https://www.swiss-medtech.ch/sites/default/files/2026-06/SMD26_Companies_260610.pdf,,"likely startup, unverified — Swiss Medtech Day only","likely startup, unverified — Swiss Medtech Day only"
MiniMed NPB Germany GmbH,,,,,Swiss Medtech Day 2026,https://www.swiss-medtech.ch/sites/default/files/2026-06/SMD26_Companies_260610.pdf,,"likely startup, unverified — Swiss Medtech Day only","likely startup, unverified — Swiss Medtech Day only"
mollet Präzisionsmechanik AG,,,,,Swiss Medtech Day 2026,https://www.swiss-medtech.ch/sites/default/files/2026-06/SMD26_Companies_260610.pdf,,"likely startup, unverified — Swiss Medtech Day only","likely startup, unverified — Swiss Medtech Day only"
Moser-Baer AG,,,,,Swiss Medtech Day 2026,https://www.swiss-medtech.ch/sites/default/files/2026-06/SMD26_Companies_260610.pdf,,"likely startup, unverified — Swiss Medtech Day only","likely startup, unverified — Swiss Medtech Day only"
MOTOREX AG,,,,,Swiss Medtech Day 2026,https://www.swiss-medtech.ch/sites/default/files/2026-06/SMD26_Companies_260610.pdf,,"likely startup, unverified — Swiss Medtech Day only","likely startup, unverified — Swiss Medtech Day only"
Moving Spine AG,,,,,Swiss Medtech Day 2026,https://www.swiss-medtech.ch/sites/default/files/2026-06/SMD26_Companies_260610.pdf,,"likely startup, unverified — Swiss Medtech Day only","likely startup, unverified — Swiss Medtech Day only"
MPS Micro Precision Systems AG,,,,,Swiss Medtech Day 2026,https://www.swiss-medtech.ch/sites/default/files/2026-06/SMD26_Companies_260610.pdf,,"likely startup, unverified — Swiss Medtech Day only","likely startup, unverified — Swiss Medtech Day only"
MTBC International,,,,,Swiss Medtech Day 2026,https://www.swiss-medtech.ch/sites/default/files/2026-06/SMD26_Companies_260610.pdf,,"likely startup, unverified — Swiss Medtech Day only","likely startup, unverified — Swiss Medtech Day only"
mylife Diabetes Care AG,,,,,Swiss Medtech Day 2026,https://www.swiss-medtech.ch/sites/default/files/2026-06/SMD26_Companies_260610.pdf,,"likely startup, unverified — Swiss Medtech Day only","likely startup, unverified — Swiss Medtech Day only"
Mythentec AG,,,,,Swiss Medtech Day 2026,https://www.swiss-medtech.ch/sites/default/files/2026-06/SMD26_Companies_260610.pdf,,"likely startup, unverified — Swiss Medtech Day only","likely startup, unverified — Swiss Medtech Day only"
Nagi Bioscience,,,,,Swiss Medtech Day 2026,https://www.swiss-medtech.ch/sites/default/files/2026-06/SMD26_Companies_260610.pdf,,"likely startup, unverified — Swiss Medtech Day only","likely startup, unverified — Swiss Medtech Day only"
Nakamo AG,,,,,Swiss Medtech Day 2026,https://www.swiss-medtech.ch/sites/default/files/2026-06/SMD26_Companies_260610.pdf,,"likely startup, unverified — Swiss Medtech Day only","likely startup, unverified — Swiss Medtech Day only"
Nanoflexrobotics AG,,,,,Swiss Medtech Day 2026,https://www.swiss-medtech.ch/sites/default/files/2026-06/SMD26_Companies_260610.pdf,,"likely startup, unverified — Swiss Medtech Day only","likely startup, unverified — Swiss Medtech Day only"
Naviswiss AG,,,,,Swiss Medtech Day 2026,https://www.swiss-medtech.ch/sites/default/files/2026-06/SMD26_Companies_260610.pdf,,"likely startup, unverified — Swiss Medtech Day only","likely startup, unverified — Swiss Medtech Day only"
NETZSCH-Gerätebau GmbH,,,,,Swiss Medtech Day 2026,https://www.swiss-medtech.ch/sites/default/files/2026-06/SMD26_Companies_260610.pdf,,"likely startup, unverified — Swiss Medtech Day only","likely startup, unverified — Swiss Medtech Day only"
Nexamedic SA,,,,,Swiss Medtech Day 2026,https://www.swiss-medtech.ch/sites/default/files/2026-06/SMD26_Companies_260610.pdf,,"likely startup, unverified — Swiss Medtech Day only","likely startup, unverified — Swiss Medtech Day only"
Nicole Frank Kommunikation,,,,,Swiss Medtech Day 2026,https://www.swiss-medtech.ch/sites/default/files/2026-06/SMD26_Companies_260610.pdf,,"likely startup, unverified — Swiss Medtech Day only","likely startup, unverified — Swiss Medtech Day only"
NIUTEC AG,,,,,Swiss Medtech Day 2026,https://www.swiss-medtech.ch/sites/default/files/2026-06/SMD26_Companies_260610.pdf,,"likely startup, unverified — Swiss Medtech Day only","likely startup, unverified — Swiss Medtech Day only"
Nordic Usability GmbH,,,,,Swiss Medtech Day 2026,https://www.swiss-medtech.ch/sites/default/files/2026-06/SMD26_Companies_260610.pdf,,"likely startup, unverified — Swiss Medtech Day only","likely startup, unverified — Swiss Medtech Day only"
NSF Prosystem GmbH,,,,,Swiss Medtech Day 2026,https://www.swiss-medtech.ch/sites/default/files/2026-06/SMD26_Companies_260610.pdf,,"likely startup, unverified — Swiss Medtech Day only","likely startup, unverified — Swiss Medtech Day only"
NSK Schweiz AG,,,,,Swiss Medtech Day 2026,https://www.swiss-medtech.ch/sites/default/files/2026-06/SMD26_Companies_260610.pdf,,"likely startup, unverified — Swiss Medtech Day only","likely startup, unverified — Swiss Medtech Day only"
NZZ Connect,,,,,Swiss Medtech Day 2026,https://www.swiss-medtech.ch/sites/default/files/2026-06/SMD26_Companies_260610.pdf,,"likely startup, unverified — Swiss Medtech Day only","likely startup, unverified — Swiss Medtech Day only"
OCEI,,,,,Swiss Medtech Day 2026,https://www.swiss-medtech.ch/sites/default/files/2026-06/SMD26_Companies_260610.pdf,,"likely startup, unverified — Swiss Medtech Day only","likely startup, unverified — Swiss Medtech Day only"
Oculox Technologies SA,,,,,Swiss Medtech Day 2026,https://www.swiss-medtech.ch/sites/default/files/2026-06/SMD26_Companies_260610.pdf,,"likely startup, unverified — Swiss Medtech Day only","likely startup, unverified — Swiss Medtech Day only"
Odne AG,,,,,Swiss Medtech Day 2026,https://www.swiss-medtech.ch/sites/default/files/2026-06/SMD26_Companies_260610.pdf,,"likely startup, unverified — Swiss Medtech Day only","likely startup, unverified — Swiss Medtech Day only"
Oertli Instrumente AG,,,,,Swiss Medtech Day 2026,https://www.swiss-medtech.ch/sites/default/files/2026-06/SMD26_Companies_260610.pdf,,"likely startup, unverified — Swiss Medtech Day only","likely startup, unverified — Swiss Medtech Day only"
Oncomedical,,,,,Swiss Medtech Day 2026,https://www.swiss-medtech.ch/sites/default/files/2026-06/SMD26_Companies_260610.pdf,,"likely startup, unverified — Swiss Medtech Day only","likely startup, unverified — Swiss Medtech Day only"
OnconiX AG,,,,,Swiss Medtech Day 2026,https://www.swiss-medtech.ch/sites/default/files/2026-06/SMD26_Companies_260610.pdf,,"likely startup, unverified — Swiss Medtech Day only","likely startup, unverified — Swiss Medtech Day only"
OncopAI,,,,,Swiss Medtech Day 2026,https://www.swiss-medtech.ch/sites/default/files/2026-06/SMD26_Companies_260610.pdf,,"likely startup, unverified — Swiss Medtech Day only","likely startup, unverified — Swiss Medtech Day only"
OPIS s.r.l.,,,,,Swiss Medtech Day 2026,https://www.swiss-medtech.ch/sites/default/files/2026-06/SMD26_Companies_260610.pdf,,"likely startup, unverified — Swiss Medtech Day only","likely startup, unverified — Swiss Medtech Day only"
OptimalPSI AG,,,,,Swiss Medtech Day 2026,https://www.swiss-medtech.ch/sites/default/files/2026-06/SMD26_Companies_260610.pdf,,"likely startup, unverified — Swiss Medtech Day only","likely startup, unverified — Swiss Medtech Day only"
Optiprint AG,,,,,Swiss Medtech Day 2026,https://www.swiss-medtech.ch/sites/default/files/2026-06/SMD26_Companies_260610.pdf,,"likely startup, unverified — Swiss Medtech Day only","likely startup, unverified — Swiss Medtech Day only"
Orthopartner AG,,,,,Swiss Medtech Day 2026,https://www.swiss-medtech.ch/sites/default/files/2026-06/SMD26_Companies_260610.pdf,,"likely startup, unverified — Swiss Medtech Day only","likely startup, unverified — Swiss Medtech Day only"
OrthoSave GmbH,,,,,Swiss Medtech Day 2026,https://www.swiss-medtech.ch/sites/default/files/2026-06/SMD26_Companies_260610.pdf,,"likely startup, unverified — Swiss Medtech Day only","likely startup, unverified — Swiss Medtech Day only"
Oviva AG,,,,,Swiss Medtech Day 2026,https://www.swiss-medtech.ch/sites/default/files/2026-06/SMD26_Companies_260610.pdf,,"likely startup, unverified — Swiss Medtech Day only","likely startup, unverified — Swiss Medtech Day only"
Pavese AG,,,,,Swiss Medtech Day 2026,https://www.swiss-medtech.ch/sites/default/files/2026-06/SMD26_Companies_260610.pdf,,"likely startup, unverified — Swiss Medtech Day only","likely startup, unverified — Swiss Medtech Day only"
Perdigó Medical,,,,,Swiss Medtech Day 2026,https://www.swiss-medtech.ch/sites/default/files/2026-06/SMD26_Companies_260610.pdf,,"likely startup, unverified — Swiss Medtech Day only","likely startup, unverified — Swiss Medtech Day only"
Pharmalex GmbH,,,,,Swiss Medtech Day 2026,https://www.swiss-medtech.ch/sites/default/files/2026-06/SMD26_Companies_260610.pdf,,"likely startup, unverified — Swiss Medtech Day only","likely startup, unverified — Swiss Medtech Day only"
PLASTIFIL SA,,,,,Swiss Medtech Day 2026,https://www.swiss-medtech.ch/sites/default/files/2026-06/SMD26_Companies_260610.pdf,,"likely startup, unverified — Swiss Medtech Day only","likely startup, unverified — Swiss Medtech Day only"
PMS System,,,,,Swiss Medtech Day 2026,https://www.swiss-medtech.ch/sites/default/files/2026-06/SMD26_Companies_260610.pdf,,"likely startup, unverified — Swiss Medtech Day only","likely startup, unverified — Swiss Medtech Day only"
Polaroid Therapeutics AG,,,,,Swiss Medtech Day 2026,https://www.swiss-medtech.ch/sites/default/files/2026-06/SMD26_Companies_260610.pdf,,"likely startup, unverified — Swiss Medtech Day only","likely startup, unverified — Swiss Medtech Day only"
POLYDEC SA,,,,,Swiss Medtech Day 2026,https://www.swiss-medtech.ch/sites/default/files/2026-06/SMD26_Companies_260610.pdf,,"likely startup, unverified — Swiss Medtech Day only","likely startup, unverified — Swiss Medtech Day only"
PolyPilot,,,,,Swiss Medtech Day 2026,https://www.swiss-medtech.ch/sites/default/files/2026-06/SMD26_Companies_260610.pdf,,"likely startup, unverified — Swiss Medtech Day only","likely startup, unverified — Swiss Medtech Day only"
Positrigo,,,,,Swiss Medtech Day 2026,https://www.swiss-medtech.ch/sites/default/files/2026-06/SMD26_Companies_260610.pdf,,"likely startup, unverified — Swiss Medtech Day only","likely startup, unverified — Swiss Medtech Day only"
Presspart AG,,,,,Swiss Medtech Day 2026,https://www.swiss-medtech.ch/sites/default/files/2026-06/SMD26_Companies_260610.pdf,,"likely startup, unverified — Swiss Medtech Day only","likely startup, unverified — Swiss Medtech Day only"
Primaform AG,,,,,Swiss Medtech Day 2026,https://www.swiss-medtech.ch/sites/default/files/2026-06/SMD26_Companies_260610.pdf,,"likely startup, unverified — Swiss Medtech Day only","likely startup, unverified — Swiss Medtech Day only"
Procap,,,,,Swiss Medtech Day 2026,https://www.swiss-medtech.ch/sites/default/files/2026-06/SMD26_Companies_260610.pdf,,"likely startup, unverified — Swiss Medtech Day only","likely startup, unverified — Swiss Medtech Day only"
ProNaya Healthcare Solutions,,,,,Swiss Medtech Day 2026,https://www.swiss-medtech.ch/sites/default/files/2026-06/SMD26_Companies_260610.pdf,,"likely startup, unverified — Swiss Medtech Day only","likely startup, unverified — Swiss Medtech Day only"
Prostep AG,,,,,Swiss Medtech Day 2026,https://www.swiss-medtech.ch/sites/default/files/2026-06/SMD26_Companies_260610.pdf,,"likely startup, unverified — Swiss Medtech Day only","likely startup, unverified — Swiss Medtech Day only"
Pulnovo Medical,,,,,Swiss Medtech Day 2026,https://www.swiss-medtech.ch/sites/default/files/2026-06/SMD26_Companies_260610.pdf,,"likely startup, unverified — Swiss Medtech Day only","likely startup, unverified — Swiss Medtech Day only"
QARAlink SA,,,,,Swiss Medtech Day 2026,https://www.swiss-medtech.ch/sites/default/files/2026-06/SMD26_Companies_260610.pdf,,"likely startup, unverified — Swiss Medtech Day only","likely startup, unverified — Swiss Medtech Day only"
Qity,,,,,Swiss Medtech Day 2026,https://www.swiss-medtech.ch/sites/default/files/2026-06/SMD26_Companies_260610.pdf,,"likely startup, unverified — Swiss Medtech Day only","likely startup, unverified — Swiss Medtech Day only"
QNX Software Systems GmbH,,,,,Swiss Medtech Day 2026,https://www.swiss-medtech.ch/sites/default/files/2026-06/SMD26_Companies_260610.pdf,,"likely startup, unverified — Swiss Medtech Day only","likely startup, unverified — Swiss Medtech Day only"
Qserve Group Deutschland GmbH,,,,,Swiss Medtech Day 2026,https://www.swiss-medtech.ch/sites/default/files/2026-06/SMD26_Companies_260610.pdf,,"likely startup, unverified — Swiss Medtech Day only","likely startup, unverified — Swiss Medtech Day only"
QUNIQUE AG,,,,,Swiss Medtech Day 2026,https://www.swiss-medtech.ch/sites/default/files/2026-06/SMD26_Companies_260610.pdf,,"likely startup, unverified — Swiss Medtech Day only","likely startup, unverified — Swiss Medtech Day only"
RegAffinity GmbH,,,,,Swiss Medtech Day 2026,https://www.swiss-medtech.ch/sites/default/files/2026-06/SMD26_Companies_260610.pdf,,"likely startup, unverified — Swiss Medtech Day only","likely startup, unverified — Swiss Medtech Day only"
Regenera SA,,,,,Swiss Medtech Day 2026,https://www.swiss-medtech.ch/sites/default/files/2026-06/SMD26_Companies_260610.pdf,,"likely startup, unverified — Swiss Medtech Day only","likely startup, unverified — Swiss Medtech Day only"
"Regulatory and Clinical Affairs, Medical Devices",,,,,Swiss Medtech Day 2026,https://www.swiss-medtech.ch/sites/default/files/2026-06/SMD26_Companies_260610.pdf,,"likely startup, unverified — Swiss Medtech Day only","likely startup, unverified — Swiss Medtech Day only"
Reinraum Tech AG,,,,,Swiss Medtech Day 2026,https://www.swiss-medtech.ch/sites/default/files/2026-06/SMD26_Companies_260610.pdf,,"likely startup, unverified — Swiss Medtech Day only","likely startup, unverified — Swiss Medtech Day only"
RENEVRA AG,,,,,Swiss Medtech Day 2026,https://www.swiss-medtech.ch/sites/default/files/2026-06/SMD26_Companies_260610.pdf,,"likely startup, unverified — Swiss Medtech Day only","likely startup, unverified — Swiss Medtech Day only"
Röchling Medical SE,,,,,Swiss Medtech Day 2026,https://www.swiss-medtech.ch/sites/default/files/2026-06/SMD26_Companies_260610.pdf,,"likely startup, unverified — Swiss Medtech Day only","likely startup, unverified — Swiss Medtech Day only"
Rudolf Brügger SA,,,,,Swiss Medtech Day 2026,https://www.swiss-medtech.ch/sites/default/files/2026-06/SMD26_Companies_260610.pdf,,"likely startup, unverified — Swiss Medtech Day only","likely startup, unverified — Swiss Medtech Day only"
Ruetschi Technology AG (part of Elos Medtech AB),,,,,Swiss Medtech Day 2026,https://www.swiss-medtech.ch/sites/default/files/2026-06/SMD26_Companies_260610.pdf,,"likely startup, unverified — Swiss Medtech Day only","likely startup, unverified — Swiss Medtech Day only"
S3 Connected Health,,,,,Swiss Medtech Day 2026,https://www.swiss-medtech.ch/sites/default/files/2026-06/SMD26_Companies_260610.pdf,,"likely startup, unverified — Swiss Medtech Day only","likely startup, unverified — Swiss Medtech Day only"
Safety-Testcenter GmbH,,,,,Swiss Medtech Day 2026,https://www.swiss-medtech.ch/sites/default/files/2026-06/SMD26_Companies_260610.pdf,,"likely startup, unverified — Swiss Medtech Day only","likely startup, unverified — Swiss Medtech Day only"
Sana Suisse Med AG,,,,,Swiss Medtech Day 2026,https://www.swiss-medtech.ch/sites/default/files/2026-06/SMD26_Companies_260610.pdf,,"likely startup, unverified — Swiss Medtech Day only","likely startup, unverified — Swiss Medtech Day only"
Schaerer Medical AG,,,,,Swiss Medtech Day 2026,https://www.swiss-medtech.ch/sites/default/files/2026-06/SMD26_Companies_260610.pdf,,"likely startup, unverified — Swiss Medtech Day only","likely startup, unverified — Swiss Medtech Day only"
Schaltag AG,,,,,Swiss Medtech Day 2026,https://www.swiss-medtech.ch/sites/default/files/2026-06/SMD26_Companies_260610.pdf,,"likely startup, unverified — Swiss Medtech Day only","likely startup, unverified — Swiss Medtech Day only"
Scheuermann und Heilig GmbH,,,,,Swiss Medtech Day 2026,https://www.swiss-medtech.ch/sites/default/files/2026-06/SMD26_Companies_260610.pdf,,"likely startup, unverified — Swiss Medtech Day only","likely startup, unverified — Swiss Medtech Day only"
Schivo Medical,,,,,Swiss Medtech Day 2026,https://www.swiss-medtech.ch/sites/default/files/2026-06/SMD26_Companies_260610.pdf,,"likely startup, unverified — Swiss Medtech Day only","likely startup, unverified — Swiss Medtech Day only"
Schweizerische Normenvereinigung SNV,,,,,Swiss Medtech Day 2026,https://www.swiss-medtech.ch/sites/default/files/2026-06/SMD26_Companies_260610.pdf,,"likely startup, unverified — Swiss Medtech Day only","likely startup, unverified — Swiss Medtech Day only"
Schweizerische Post,,,,,Swiss Medtech Day 2026,https://www.swiss-medtech.ch/sites/default/files/2026-06/SMD26_Companies_260610.pdf,,"likely startup, unverified — Swiss Medtech Day only","likely startup, unverified — Swiss Medtech Day only"
SeaMount GmbH,,,,,Swiss Medtech Day 2026,https://www.swiss-medtech.ch/sites/default/files/2026-06/SMD26_Companies_260610.pdf,,"likely startup, unverified — Swiss Medtech Day only","likely startup, unverified — Swiss Medtech Day only"
Sedax AG,,,,,Swiss Medtech Day 2026,https://www.swiss-medtech.ch/sites/default/files/2026-06/SMD26_Companies_260610.pdf,,"likely startup, unverified — Swiss Medtech Day only","likely startup, unverified — Swiss Medtech Day only"
Sentient Health,,,,,Swiss Medtech Day 2026,https://www.swiss-medtech.ch/sites/default/files/2026-06/SMD26_Companies_260610.pdf,,"likely startup, unverified — Swiss Medtech Day only","likely startup, unverified — Swiss Medtech Day only"
ServerBase AG (part of synaforce),,,,,Swiss Medtech Day 2026,https://www.swiss-medtech.ch/sites/default/files/2026-06/SMD26_Companies_260610.pdf,,"likely startup, unverified — Swiss Medtech Day only","likely startup, unverified — Swiss Medtech Day only"
Setbase GmbH,,,,,Swiss Medtech Day 2026,https://www.swiss-medtech.ch/sites/default/files/2026-06/SMD26_Companies_260610.pdf,,"likely startup, unverified — Swiss Medtech Day only","likely startup, unverified — Swiss Medtech Day only"
SE-Training GmbH,,,,,Swiss Medtech Day 2026,https://www.swiss-medtech.ch/sites/default/files/2026-06/SMD26_Companies_260610.pdf,,"likely startup, unverified — Swiss Medtech Day only","likely startup, unverified — Swiss Medtech Day only"
sfm medical devices GmbH,,,,,Swiss Medtech Day 2026,https://www.swiss-medtech.ch/sites/default/files/2026-06/SMD26_Companies_260610.pdf,,"likely startup, unverified — Swiss Medtech Day only","likely startup, unverified — Swiss Medtech Day only"
Signer Titanium AG,,,,,Swiss Medtech Day 2026,https://www.swiss-medtech.ch/sites/default/files/2026-06/SMD26_Companies_260610.pdf,,"likely startup, unverified — Swiss Medtech Day only","likely startup, unverified — Swiss Medtech Day only"
Silcoplast AG,,,,,Swiss Medtech Day 2026,https://www.swiss-medtech.ch/sites/default/files/2026-06/SMD26_Companies_260610.pdf,,"likely startup, unverified — Swiss Medtech Day only","likely startup, unverified — Swiss Medtech Day only"
Sitem Startup Club,,,,,Swiss Medtech Day 2026,https://www.swiss-medtech.ch/sites/default/files/2026-06/SMD26_Companies_260610.pdf,,"likely startup, unverified — Swiss Medtech Day only","likely startup, unverified — Swiss Medtech Day only"
sitem-insel AG,,,,,Swiss Medtech Day 2026,https://www.swiss-medtech.ch/sites/default/files/2026-06/SMD26_Companies_260610.pdf,,"likely startup, unverified — Swiss Medtech Day only","likely startup, unverified — Swiss Medtech Day only"
sitem-insel School,,,,,Swiss Medtech Day 2026,https://www.swiss-medtech.ch/sites/default/files/2026-06/SMD26_Companies_260610.pdf,,"likely startup, unverified — Swiss Medtech Day only","likely startup, unverified — Swiss Medtech Day only"
Sofreg GmbH,,,,,Swiss Medtech Day 2026,https://www.swiss-medtech.ch/sites/default/files/2026-06/SMD26_Companies_260610.pdf,,"likely startup, unverified — Swiss Medtech Day only","likely startup, unverified — Swiss Medtech Day only"
Solectrix GmbH,,,,,Swiss Medtech Day 2026,https://www.swiss-medtech.ch/sites/default/files/2026-06/SMD26_Companies_260610.pdf,,"likely startup, unverified — Swiss Medtech Day only","likely startup, unverified — Swiss Medtech Day only"
Sonceboz SA,,,,,Swiss Medtech Day 2026,https://www.swiss-medtech.ch/sites/default/files/2026-06/SMD26_Companies_260610.pdf,,"likely startup, unverified — Swiss Medtech Day only","likely startup, unverified — Swiss Medtech Day only"
SonoStent,,,,,Swiss Medtech Day 2026,https://www.swiss-medtech.ch/sites/default/files/2026-06/SMD26_Companies_260610.pdf,,"likely startup, unverified — Swiss Medtech Day only","likely startup, unverified — Swiss Medtech Day only"
Speedgoat GmbH,,,,,Swiss Medtech Day 2026,https://www.swiss-medtech.ch/sites/default/files/2026-06/SMD26_Companies_260610.pdf,,"likely startup, unverified — Swiss Medtech Day only","likely startup, unverified — Swiss Medtech Day only"
Spruce Group GmbH,,,,,Swiss Medtech Day 2026,https://www.swiss-medtech.ch/sites/default/files/2026-06/SMD26_Companies_260610.pdf,,"likely startup, unverified — Swiss Medtech Day only","likely startup, unverified — Swiss Medtech Day only"
Standortförderung Kanton Bern,,,,,Swiss Medtech Day 2026,https://www.swiss-medtech.ch/sites/default/files/2026-06/SMD26_Companies_260610.pdf,,"likely startup, unverified — Swiss Medtech Day only","likely startup, unverified — Swiss Medtech Day only"
Stepval,,,,,Swiss Medtech Day 2026,https://www.swiss-medtech.ch/sites/default/files/2026-06/SMD26_Companies_260610.pdf,,"likely startup, unverified — Swiss Medtech Day only","likely startup, unverified — Swiss Medtech Day only"
STERIS Schweiz AG,,,,,Swiss Medtech Day 2026,https://www.swiss-medtech.ch/sites/default/files/2026-06/SMD26_Companies_260610.pdf,,"likely startup, unverified — Swiss Medtech Day only","likely startup, unverified — Swiss Medtech Day only"
Supercomputingsystems AG,,,,,Swiss Medtech Day 2026,https://www.swiss-medtech.ch/sites/default/files/2026-06/SMD26_Companies_260610.pdf,,"likely startup, unverified — Swiss Medtech Day only","likely startup, unverified — Swiss Medtech Day only"
SwAPP,,,,,Swiss Medtech Day 2026,https://www.swiss-medtech.ch/sites/default/files/2026-06/SMD26_Companies_260610.pdf,,"likely startup, unverified — Swiss Medtech Day only","likely startup, unverified — Swiss Medtech Day only"
Swiss Center for Design and Health,,,,,Swiss Medtech Day 2026,https://www.swiss-medtech.ch/sites/default/files/2026-06/SMD26_Companies_260610.pdf,,"likely startup, unverified — Swiss Medtech Day only","likely startup, unverified — Swiss Medtech Day only"
Swiss Cluster,,,,,Swiss Medtech Day 2026,https://www.swiss-medtech.ch/sites/default/files/2026-06/SMD26_Companies_260610.pdf,,"likely startup, unverified — Swiss Medtech Day only","likely startup, unverified — Swiss Medtech Day only"
Swiss m4m Center,,,,,Swiss Medtech Day 2026,https://www.swiss-medtech.ch/sites/default/files/2026-06/SMD26_Companies_260610.pdf,,"likely startup, unverified — Swiss Medtech Day only","likely startup, unverified — Swiss Medtech Day only"
Swiss Peak Technologies SA,,,,,Swiss Medtech Day 2026,https://www.swiss-medtech.ch/sites/default/files/2026-06/SMD26_Companies_260610.pdf,,"likely startup, unverified — Swiss Medtech Day only","likely startup, unverified — Swiss Medtech Day only"
Swissina AG,,,,,Swiss Medtech Day 2026,https://www.swiss-medtech.ch/sites/default/files/2026-06/SMD26_Companies_260610.pdf,,"likely startup, unverified — Swiss Medtech Day only","likely startup, unverified — Swiss Medtech Day only"
Swissrehamed GmbH,,,,,Swiss Medtech Day 2026,https://www.swiss-medtech.ch/sites/default/files/2026-06/SMD26_Companies_260610.pdf,,"likely startup, unverified — Swiss Medtech Day only","likely startup, unverified — Swiss Medtech Day only"
Switzerland Global Enterprise,,,,,Swiss Medtech Day 2026,https://www.swiss-medtech.ch/sites/default/files/2026-06/SMD26_Companies_260610.pdf,,"likely startup, unverified — Swiss Medtech Day only","likely startup, unverified — Swiss Medtech Day only"
Symbios Orthopedie,,,,,Swiss Medtech Day 2026,https://www.swiss-medtech.ch/sites/default/files/2026-06/SMD26_Companies_260610.pdf,,"likely startup, unverified — Swiss Medtech Day only","likely startup, unverified — Swiss Medtech Day only"
Synbora AG,,,,,Swiss Medtech Day 2026,https://www.swiss-medtech.ch/sites/default/files/2026-06/SMD26_Companies_260610.pdf,,"likely startup, unverified — Swiss Medtech Day only","likely startup, unverified — Swiss Medtech Day only"
Tandem Diabetes Care International,,,,,Swiss Medtech Day 2026,https://www.swiss-medtech.ch/sites/default/files/2026-06/SMD26_Companies_260610.pdf,,"likely startup, unverified — Swiss Medtech Day only","likely startup, unverified — Swiss Medtech Day only"
Teoresi Group,,,,,Swiss Medtech Day 2026,https://www.swiss-medtech.ch/sites/default/files/2026-06/SMD26_Companies_260610.pdf,,"likely startup, unverified — Swiss Medtech Day only","likely startup, unverified — Swiss Medtech Day only"
TEQABLE AG,,,,,Swiss Medtech Day 2026,https://www.swiss-medtech.ch/sites/default/files/2026-06/SMD26_Companies_260610.pdf,,"likely startup, unverified — Swiss Medtech Day only","likely startup, unverified — Swiss Medtech Day only"
The MathWorks GmbH,,,,,Swiss Medtech Day 2026,https://www.swiss-medtech.ch/sites/default/files/2026-06/SMD26_Companies_260610.pdf,,"likely startup, unverified — Swiss Medtech Day only","likely startup, unverified — Swiss Medtech Day only"
Tinkerblue AS,,,,,Swiss Medtech Day 2026,https://www.swiss-medtech.ch/sites/default/files/2026-06/SMD26_Companies_260610.pdf,,"likely startup, unverified — Swiss Medtech Day only","likely startup, unverified — Swiss Medtech Day only"
TransPerfect Translations Sàrl,,,,,Swiss Medtech Day 2026,https://www.swiss-medtech.ch/sites/default/files/2026-06/SMD26_Companies_260610.pdf,,"likely startup, unverified — Swiss Medtech Day only","likely startup, unverified — Swiss Medtech Day only"
Triadem Solutions AG,,,,,Swiss Medtech Day 2026,https://www.swiss-medtech.ch/sites/default/files/2026-06/SMD26_Companies_260610.pdf,,"likely startup, unverified — Swiss Medtech Day only","likely startup, unverified — Swiss Medtech Day only"
TRIBECRAFT Innovators Designers Engineers,,,,,Swiss Medtech Day 2026,https://www.swiss-medtech.ch/sites/default/files/2026-06/SMD26_Companies_260610.pdf,,"likely startup, unverified — Swiss Medtech Day only","likely startup, unverified — Swiss Medtech Day only"
TUV Italia,,,,,Swiss Medtech Day 2026,https://www.swiss-medtech.ch/sites/default/files/2026-06/SMD26_Companies_260610.pdf,,"likely startup, unverified — Swiss Medtech Day only","likely startup, unverified — Swiss Medtech Day only"
TÜV SÜD Product Service GmbH,,,,,Swiss Medtech Day 2026,https://www.swiss-medtech.ch/sites/default/files/2026-06/SMD26_Companies_260610.pdf,,"likely startup, unverified — Swiss Medtech Day only","likely startup, unverified — Swiss Medtech Day only"
Unit8,,,,,Swiss Medtech Day 2026,https://www.swiss-medtech.ch/sites/default/files/2026-06/SMD26_Companies_260610.pdf,,"likely startup, unverified — Swiss Medtech Day only","likely startup, unverified — Swiss Medtech Day only"
Université de Genève,,,,,Swiss Medtech Day 2026,https://www.swiss-medtech.ch/sites/default/files/2026-06/SMD26_Companies_260610.pdf,,"likely startup, unverified — Swiss Medtech Day only","likely startup, unverified — Swiss Medtech Day only"
"VANGEST, S.A.",,,,,Swiss Medtech Day 2026,https://www.swiss-medtech.ch/sites/default/files/2026-06/SMD26_Companies_260610.pdf,,"likely startup, unverified — Swiss Medtech Day only","likely startup, unverified — Swiss Medtech Day only"
Varian Medical Systems Imaging Laboratory GmbH,,,,,Swiss Medtech Day 2026,https://www.swiss-medtech.ch/sites/default/files/2026-06/SMD26_Companies_260610.pdf,,"likely startup, unverified — Swiss Medtech Day only","likely startup, unverified — Swiss Medtech Day only"
Vector Informatik GmbH,,,,,Swiss Medtech Day 2026,https://www.swiss-medtech.ch/sites/default/files/2026-06/SMD26_Companies_260610.pdf,,"likely startup, unverified — Swiss Medtech Day only","likely startup, unverified — Swiss Medtech Day only"
VISARTIS Healthcare GmbH,,,,,Swiss Medtech Day 2026,https://www.swiss-medtech.ch/sites/default/files/2026-06/SMD26_Companies_260610.pdf,,"likely startup, unverified — Swiss Medtech Day only","likely startup, unverified — Swiss Medtech Day only"
Vital View Diagnostics AG,,,,,Swiss Medtech Day 2026,https://www.swiss-medtech.ch/sites/default/files/2026-06/SMD26_Companies_260610.pdf,,"likely startup, unverified — Swiss Medtech Day only","likely startup, unverified — Swiss Medtech Day only"
VITRUVENS,,,,,Swiss Medtech Day 2026,https://www.swiss-medtech.ch/sites/default/files/2026-06/SMD26_Companies_260610.pdf,,"likely startup, unverified — Swiss Medtech Day only","likely startup, unverified — Swiss Medtech Day only"
Volpi AG,,,,,Swiss Medtech Day 2026,https://www.swiss-medtech.ch/sites/default/files/2026-06/SMD26_Companies_260610.pdf,,"likely startup, unverified — Swiss Medtech Day only","likely startup, unverified — Swiss Medtech Day only"
vVardis AG,,,,,Swiss Medtech Day 2026,https://www.swiss-medtech.ch/sites/default/files/2026-06/SMD26_Companies_260610.pdf,,"likely startup, unverified — Swiss Medtech Day only","likely startup, unverified — Swiss Medtech Day only"
Walter Schweiz AG,,,,,Swiss Medtech Day 2026,https://www.swiss-medtech.ch/sites/default/files/2026-06/SMD26_Companies_260610.pdf,,"likely startup, unverified — Swiss Medtech Day only","likely startup, unverified — Swiss Medtech Day only"
Watson-Marlow AG,,,,,Swiss Medtech Day 2026,https://www.swiss-medtech.ch/sites/default/files/2026-06/SMD26_Companies_260610.pdf,,"likely startup, unverified — Swiss Medtech Day only","likely startup, unverified — Swiss Medtech Day only"
Weill Cornell Medical College,,,,,Swiss Medtech Day 2026,https://www.swiss-medtech.ch/sites/default/files/2026-06/SMD26_Companies_260610.pdf,,"likely startup, unverified — Swiss Medtech Day only","likely startup, unverified — Swiss Medtech Day only"
Weita AG,,,,,Swiss Medtech Day 2026,https://www.swiss-medtech.ch/sites/default/files/2026-06/SMD26_Companies_260610.pdf,,"likely startup, unverified — Swiss Medtech Day only","likely startup, unverified — Swiss Medtech Day only"
Willemin-Macodel SA,,,,,Swiss Medtech Day 2026,https://www.swiss-medtech.ch/sites/default/files/2026-06/SMD26_Companies_260610.pdf,,"likely startup, unverified — Swiss Medtech Day only","likely startup, unverified — Swiss Medtech Day only"
Wineus AG,,,,,Swiss Medtech Day 2026,https://www.swiss-medtech.ch/sites/default/files/2026-06/SMD26_Companies_260610.pdf,,"likely startup, unverified — Swiss Medtech Day only","likely startup, unverified — Swiss Medtech Day only"
WYON AG,,,,,Swiss Medtech Day 2026,https://www.swiss-medtech.ch/sites/default/files/2026-06/SMD26_Companies_260610.pdf,,"likely startup, unverified — Swiss Medtech Day only","likely startup, unverified — Swiss Medtech Day only"
Wyss Zurich Translational Center,,,,,Swiss Medtech Day 2026,https://www.swiss-medtech.ch/sites/default/files/2026-06/SMD26_Companies_260610.pdf,,"likely startup, unverified — Swiss Medtech Day only","likely startup, unverified — Swiss Medtech Day only"
YAYA Capital,,,,,Swiss Medtech Day 2026,https://www.swiss-medtech.ch/sites/default/files/2026-06/SMD26_Companies_260610.pdf,,"likely startup, unverified — Swiss Medtech Day only","likely startup, unverified — Swiss Medtech Day only"
Zanol GmbH,,,,,Swiss Medtech Day 2026,https://www.swiss-medtech.ch/sites/default/files/2026-06/SMD26_Companies_260610.pdf,,"likely startup, unverified — Swiss Medtech Day only","likely startup, unverified — Swiss Medtech Day only"
ZMT Zurich MedTech AG,,,,,Swiss Medtech Day 2026,https://www.swiss-medtech.ch/sites/default/files/2026-06/SMD26_Companies_260610.pdf,,"likely startup, unverified — Swiss Medtech Day only","likely startup, unverified — Swiss Medtech Day only"
Zoppas Industries Switzerland AG,,,,,Swiss Medtech Day 2026,https://www.swiss-medtech.ch/sites/default/files/2026-06/SMD26_Companies_260610.pdf,,"likely startup, unverified — Swiss Medtech Day only","likely startup, unverified — Swiss Medtech Day only"
Zühlke Engineering AG,,,,,Swiss Medtech Day 2026,https://www.swiss-medtech.ch/sites/default/files/2026-06/SMD26_Companies_260610.pdf,,"likely startup, unverified — Swiss Medtech Day only","likely startup, unverified — Swiss Medtech Day only"
Zürcher Kantonalbank,,,,,Swiss Medtech Day 2026,https://www.swiss-medtech.ch/sites/default/files/2026-06/SMD26_Companies_260610.pdf,,"likely startup, unverified — Swiss Medtech Day only","likely startup, unverified — Swiss Medtech Day only"
