company,city,website,founder_name,founder_contact_masked,source,source_page,also_seen_in
Apheros AG,,https://www.apheros.ch,,,Innosuisse,https://www.innosuisse.admin.ch/en/approved-start-up-innovation-projects,
Borobotics GmbH,,https://www.borobotics.ch/,,,Innosuisse,https://www.innosuisse.admin.ch/en/approved-start-up-innovation-projects,
Caterra AG,,https://caterra.org,,,Innosuisse,https://www.innosuisse.admin.ch/en/approved-start-up-innovation-projects,
Cellvie AG,,https://cellvie.bio,,,Innosuisse,https://www.innosuisse.admin.ch/en/approved-start-up-innovation-projects,
Crypto Pharma GmbH,,https://crypto-pharma.ch,,,Innosuisse,https://www.innosuisse.admin.ch/en/approved-start-up-innovation-projects,
CSky SA,,https://fr.csky.ai,,,Innosuisse,https://www.innosuisse.admin.ch/en/approved-start-up-innovation-projects,
DePoly SA,,https://fr.depoly.co/,,,Innosuisse,https://www.innosuisse.admin.ch/en/approved-start-up-innovation-projects,
Gapfruit AG,,https://www.gapfruit.com/,,,Innosuisse,https://www.innosuisse.admin.ch/en/approved-start-up-innovation-projects,
Haya Therapeutics SA,,https://www.hayatx.com,,,Innosuisse,https://www.innosuisse.admin.ch/en/approved-start-up-innovation-projects,
HeroSupport SA,,https://www.herosupport.care,,,Innosuisse,https://www.innosuisse.admin.ch/en/approved-start-up-innovation-projects,
INERGIO Technologies SA,,https://inergio.ch,,,Innosuisse,https://www.innosuisse.admin.ch/en/approved-start-up-innovation-projects,
Isochronic AG,,https://isochronic.com,,,Innosuisse,https://www.innosuisse.admin.ch/en/approved-start-up-innovation-projects,
Kairos Medical AG,,https://kairosmedical.ch/,,,Innosuisse,https://www.innosuisse.admin.ch/en/approved-start-up-innovation-projects,
Lightium AG,,https://lightium.co/,,,Innosuisse,https://www.innosuisse.admin.ch/en/approved-start-up-innovation-projects,
Medirapp AG,,https://medirapp.ai,,,Innosuisse,https://www.innosuisse.admin.ch/en/approved-start-up-innovation-projects,
Mimic robotics AG,,https://www.mimicrobotics.com,,,Innosuisse,https://www.innosuisse.admin.ch/en/approved-start-up-innovation-projects,
MindMetrix AG,,https://www.mindmetrix.ch,,,Innosuisse,https://www.innosuisse.admin.ch/en/approved-start-up-innovation-projects,
Nagi Bioscience SA,,https://nagibio.ch,,,Innosuisse,https://www.innosuisse.admin.ch/en/approved-start-up-innovation-projects,
Neur.on AI Solutions SA,,https://neur-on.ai/,,,Innosuisse,https://www.innosuisse.admin.ch/en/approved-start-up-innovation-projects,
Noriware AG,,https://www.noriware.com,,,Innosuisse,https://www.innosuisse.admin.ch/en/approved-start-up-innovation-projects,
NovaGo Therapeutics AG,,https://www.novagotherapeutics.com/,,,Innosuisse,https://www.innosuisse.admin.ch/en/approved-start-up-innovation-projects,
NovoMOF AG,,https://novomof.com,,,Innosuisse,https://www.innosuisse.admin.ch/en/approved-start-up-innovation-projects,
Oxara AG,,https://oxara.earth,,,Innosuisse,https://www.innosuisse.admin.ch/en/approved-start-up-innovation-projects,
Oxyle AG,,https://oxyle.ch/,,,Innosuisse,https://www.innosuisse.admin.ch/en/approved-start-up-innovation-projects,
Planeto SA,,https://www.planeto-energy.ch/fr/,,,Innosuisse,https://www.innosuisse.admin.ch/en/approved-start-up-innovation-projects,
ReoR20 AG,,https://www.reor20.com,,,Innosuisse,https://www.innosuisse.admin.ch/en/approved-start-up-innovation-projects,
Swiss-Mile Robotics AG,,https://www.swiss-mile.com,,,Innosuisse,https://www.innosuisse.admin.ch/en/approved-start-up-innovation-projects,
Synendos Therapeutics AG,,https://www.synendos.com,,,Innosuisse,https://www.innosuisse.admin.ch/en/approved-start-up-innovation-projects,
Tune Insight SA,,https://tuneinsight.com,,,Innosuisse,https://www.innosuisse.admin.ch/en/approved-start-up-innovation-projects,
Ucentrics AG,,https://www.ucentrics.com/,,,Innosuisse,https://www.innosuisse.admin.ch/en/approved-start-up-innovation-projects,
Unbound Potential GmbH,,https://www.unbound-potential.com,,,Innosuisse,https://www.innosuisse.admin.ch/en/approved-start-up-innovation-projects,
Versics AG,,https://versics.com,,,Innosuisse,https://www.innosuisse.admin.ch/en/approved-start-up-innovation-projects,
Vyzn AG,,https://www.vyzn.tech,,,Innosuisse,https://www.innosuisse.admin.ch/en/approved-start-up-innovation-projects,
Yeastup AG,,https://www.yeastup.com,,,Innosuisse,https://www.innosuisse.admin.ch/en/approved-start-up-innovation-projects,
Adastra Sustainability SA,,https://www.adastra.eco/,,,Innosuisse,https://www.innosuisse.admin.ch/en/approved-start-up-innovation-projects,
Aegis Rider AG,,https://aegisrider.com/,,,Innosuisse,https://www.innosuisse.admin.ch/en/approved-start-up-innovation-projects,
AICA SA,,https://www.aica.tech/,,,Innosuisse,https://www.innosuisse.admin.ch/en/approved-start-up-innovation-projects,
AI Medical AG,,https://www.ai-medical.ch/,,,Innosuisse,https://www.innosuisse.admin.ch/en/approved-start-up-innovation-projects,
Akina AG,,https://www.akina.health/,,,Innosuisse,https://www.innosuisse.admin.ch/en/approved-start-up-innovation-projects,
Alter Ego Technologies AG,,https://www.alter-ego.ai/,,,Innosuisse,https://www.innosuisse.admin.ch/en/approved-start-up-innovation-projects,
Annaida Technologies SA,,https://annaida.ch/,,,Innosuisse,https://www.innosuisse.admin.ch/en/approved-start-up-innovation-projects,
Artiria Medical SA,,https://artiria-medical.com/,,,Innosuisse,https://www.innosuisse.admin.ch/en/approved-start-up-innovation-projects,
Ascento AG,,https://www.ascento.ai/,,,Innosuisse,https://www.innosuisse.admin.ch/en/approved-start-up-innovation-projects,
ASTRA Therapeutics GmbH,,https://www.astratherapeutics.com/,,,Innosuisse,https://www.innosuisse.admin.ch/en/approved-start-up-innovation-projects,
Avelo AG,,https://www.avelolife.com/,,,Innosuisse,https://www.innosuisse.admin.ch/en/approved-start-up-innovation-projects,
Cellestia Biotech AG,,https://www.cellestia.com/,,,Innosuisse,https://www.innosuisse.admin.ch/en/approved-start-up-innovation-projects,
CondenZero GmbH,,https://condenzero.com/,,,Innosuisse,https://www.innosuisse.admin.ch/en/approved-start-up-innovation-projects,
Decentralized Intelligence AG,,https://d23e.ch/,,,Innosuisse,https://www.innosuisse.admin.ch/en/approved-start-up-innovation-projects,
DEEPLIGHT SA,,https://deeplight.pro/,,,Innosuisse,https://www.innosuisse.admin.ch/en/approved-start-up-innovation-projects,
Egonym AG,,https://egonym.com/,,,Innosuisse,https://www.innosuisse.admin.ch/en/approved-start-up-innovation-projects,
FenX AG,,https://www.fenx.ch/,,,Innosuisse,https://www.innosuisse.admin.ch/en/approved-start-up-innovation-projects,
Floating Robotics AG,,https://www.floatingrobotics.com/,,,Innosuisse,https://www.innosuisse.admin.ch/en/approved-start-up-innovation-projects,
Glucoloop AG,,https://glucoloop.com/,,,Innosuisse,https://www.innosuisse.admin.ch/en/approved-start-up-innovation-projects,
Irmos technologies AG,,https://www.irmos-tech.com/,,,Innosuisse,https://www.innosuisse.admin.ch/en/approved-start-up-innovation-projects,
Jua.ai AG,,https://www.jua.ai/,,,Innosuisse,https://www.innosuisse.admin.ch/en/approved-start-up-innovation-projects,
LifeMatrix Technologies AG,,https://www.lifematrixtechnologies.com/,,,Innosuisse,https://www.innosuisse.admin.ch/en/approved-start-up-innovation-projects,
Linia AG,,https://ttps//www.linia.ch/index.html,,,Innosuisse,https://www.innosuisse.admin.ch/en/approved-start-up-innovation-projects,
MeduSoil SA,,https://www.medusoil.com/,,,Innosuisse,https://www.innosuisse.admin.ch/en/approved-start-up-innovation-projects,
Miraex SA,,https://www.miraex.com/,,,Innosuisse,https://www.innosuisse.admin.ch/en/approved-start-up-innovation-projects,
Navignostics AG,,https://www.navignostics.com/,,,Innosuisse,https://www.innosuisse.admin.ch/en/approved-start-up-innovation-projects,
Neutrality Sàrl,,https://neutrality.ch/,,,Innosuisse,https://www.innosuisse.admin.ch/en/approved-start-up-innovation-projects,
Rapidata AG,,https://www.rapidata.ai/,,,Innosuisse,https://www.innosuisse.admin.ch/en/approved-start-up-innovation-projects,
Sanetics AG,,https://sanetics.ch/,,,Innosuisse,https://www.innosuisse.admin.ch/en/approved-start-up-innovation-projects,
Seprify AG (Impossible Materials AG),,https://seprify.com/,,,Innosuisse,https://www.innosuisse.admin.ch/en/approved-start-up-innovation-projects,
SmartHelio Sàrl,,https://smarthelio.com/,,,Innosuisse,https://www.innosuisse.admin.ch/en/approved-start-up-innovation-projects,
Terapet SA,,https://terapet.ch/,,,Innosuisse,https://www.innosuisse.admin.ch/en/approved-start-up-innovation-projects,
TOLREMO therapeutics AG,,https://www.tolremo.com/,,,Innosuisse,https://www.innosuisse.admin.ch/en/approved-start-up-innovation-projects,
Topadur Pharma AG,,https://www.topadur.com/,,,Innosuisse,https://www.innosuisse.admin.ch/en/approved-start-up-innovation-projects,
TOSA swisstech SA,,https://www.tosa-swisstech.ch/,,,Innosuisse,https://www.innosuisse.admin.ch/en/approved-start-up-innovation-projects,
UniSieve AG,,https://www.unisieve.com/,,,Innosuisse,https://www.innosuisse.admin.ch/en/approved-start-up-innovation-projects,
Vandria SA,,https://www.vandria.com/,,,Innosuisse,https://www.innosuisse.admin.ch/en/approved-start-up-innovation-projects,
Zaamigo AG,,https://zaamigo.com/,,,Innosuisse,https://www.innosuisse.admin.ch/en/approved-start-up-innovation-projects,
DropGen,,https://www.dropgen.ch,,,ETH Zurich (BSSE),https://bsse.ethz.ch/department/spin-offs.html,
Fy Cappa Biologics,,https://www.fcbiologics.com/,,,ETH Zurich (BSSE),https://bsse.ethz.ch/department/spin-offs.html,
Myria Biosciences,,https://www.myria.bio,,,ETH Zurich (BSSE),https://bsse.ethz.ch/department/spin-offs.html,
Engimmune Therapeutics,,https://www.engimmune.com,,,ETH Zurich (BSSE),https://bsse.ethz.ch/department/spin-offs.html,
Pattern BioSciences,,https://www.patternbio.com,,,ETH Zurich (BSSE),https://bsse.ethz.ch/department/spin-offs.html,
Visium,,https://visium.ch,,,ETH Zurich (BSSE),https://bsse.ethz.ch/department/spin-offs.html,
www.unitelabs.ch,,http://www.unitelabs.ch,,,ETH Zurich (BSSE),https://bsse.ethz.ch/department/spin-offs.html,
MaxWell Biosystems AG,,https://www.mxwbio.com,,,ETH Zurich (BSSE),https://bsse.ethz.ch/department/spin-offs.html,
Shift Cryptosecurity,,https://bitbox.swiss,,,ETH Zurich (BSSE),https://bsse.ethz.ch/department/spin-offs.html,
enGene Statistics,,https://www.engene.ch,,,ETH Zurich (BSSE),https://bsse.ethz.ch/department/spin-offs.html,
Memo Therapeutics,,https://memo-therapeutics.com,,,ETH Zurich (BSSE),https://bsse.ethz.ch/department/spin-offs.html,
FGen,,https://www.fgen.ch,,,ETH Zurich (BSSE),https://bsse.ethz.ch/department/spin-offs.html,
BioVersys AG,,https://www.bioversys.com,,,ETH Zurich (BSSE),https://bsse.ethz.ch/department/spin-offs.html,
InSphero AG,,https://insphero.com,,,ETH Zurich (BSSE),https://bsse.ethz.ch/department/spin-offs.html,
Zurich Instruments,,https://www.zhinst.com/ch/en,,,ETH Zurich (BSSE),https://bsse.ethz.ch/department/spin-offs.html,
"DownloadDownload (PDF, 2.7 MB)",,https://ethz.ch/content/dam/ethz/special-interest/bsse/department/Misc_PDFs/ETH_Biosystems_Image_Brochure_586x190_20250929_newEdition_Pages.pdf,,,ETH Zurich (BSSE),https://bsse.ethz.ch/department/spin-offs.html,
Circelec,,https://circelec.com/,,,EPFL,https://www.epfl.ch/innovation/startup/discover-our-startups/epfl-startup-in-creation/,
InSituMetrix,,https://www.insitumetrix.com/,,,EPFL,https://www.epfl.ch/innovation/startup/discover-our-startups/epfl-startup-in-creation/,
Hikane,,https://www.hikane.com/en/home,,,EPFL,https://www.epfl.ch/innovation/startup/discover-our-startups/epfl-startup-in-creation/,
Protonica,,https://www.protonica.ch/,,,EPFL,https://www.epfl.ch/innovation/startup/discover-our-startups/epfl-startup-in-creation/,
Raven Robotics,,http://www.ravenrobotics.ch/,,,EPFL,https://www.epfl.ch/innovation/startup/discover-our-startups/epfl-startup-in-creation/,
Rhonexum,,https://www.rhonexum.com/,,,EPFL,https://www.epfl.ch/innovation/startup/discover-our-startups/epfl-startup-in-creation/,
Syre.ai,,https://www.syre.ai/,,,EPFL,https://www.epfl.ch/innovation/startup/discover-our-startups/epfl-startup-in-creation/,
Timely,,https://timely-learning.com/,,,EPFL,https://www.epfl.ch/innovation/startup/discover-our-startups/epfl-startup-in-creation/,
MoleSense,,https://www.molesense.ch/,,,EPFL,https://www.epfl.ch/innovation/startup/discover-our-startups/epfl-startup-in-creation/,
MyJoint,,https://www.linkedin.com/company/optizonesport/,,,EPFL,https://www.epfl.ch/innovation/startup/discover-our-startups/epfl-startup-in-creation/,
Polypheny GmbH,,https://polypheny.com,,,University of Basel,https://www.unibas.ch/en/University/Innovation/Propelling-Grants/Our-Start-ups.html,
Therayou AG,,https://www.therayou.ch,,,University of Basel,https://www.unibas.ch/en/University/Innovation/Propelling-Grants/Our-Start-ups.html,
Povanhu GmbH,,https://www.povanhu.com,,,University of Basel,https://www.unibas.ch/en/University/Innovation/Propelling-Grants/Our-Start-ups.html,
Inodexa GmbH,,https://www.inodexa.com,,,University of Basel,https://www.unibas.ch/en/University/Innovation/Propelling-Grants/Our-Start-ups.html,
Basilea Media GmbH,,https://basileamedia.com,,,University of Basel,https://www.unibas.ch/en/University/Innovation/Propelling-Grants/Our-Start-ups.html,
POC App AG,,https://www.poc-app.ch,,,University of Basel,https://www.unibas.ch/en/University/Innovation/Propelling-Grants/Our-Start-ups.html,
Dentexion,,https://dentexion.com,,,University of Basel,https://www.unibas.ch/en/University/Innovation/Propelling-Grants/Our-Start-ups.html,
Moonlight AI,,https://www.moonlight-ai.com/,,,University of Basel,https://www.unibas.ch/en/University/Innovation/Propelling-Grants/Our-Start-ups.html,
Narrowin,,https://www.narrowin.ch/de/index.html,,,University of Basel,https://www.unibas.ch/en/University/Innovation/Propelling-Grants/Our-Start-ups.html,
Kuori,,https://kuori.ch/,,,University of Basel,https://www.unibas.ch/en/University/Innovation/Propelling-Grants/Our-Start-ups.html,
SEAL Therapeutics,,https://www.biozentrum.unibas.ch/research/technology-ventures/overview-3,,,University of Basel,https://www.unibas.ch/en/University/Innovation/Propelling-Grants/Our-Start-ups.html,
Mynatix AG,,https://mynatix.com/,,,University of Basel,https://www.unibas.ch/en/University/Innovation/Propelling-Grants/Our-Start-ups.html,
Zysthera,,https://www.zysthera.com/,,,University of Basel,https://www.unibas.ch/en/University/Innovation/Propelling-Grants/Our-Start-ups.html,
Calingo Insurances,,https://www.calingo.ch/,,,University of Basel,https://www.unibas.ch/en/University/Innovation/Propelling-Grants/Our-Start-ups.html,
Bottneuro,,https://www.bottneuro.ch/en,,,University of Basel,https://www.unibas.ch/en/University/Innovation/Propelling-Grants/Our-Start-ups.html,
Personalized Medical Products,,https://swiss-pmp.ch/,,,University of Basel,https://www.unibas.ch/en/University/Innovation/Propelling-Grants/Our-Start-ups.html,
Aukera therapeutics,,https://www.aukera.ch,,,University of Basel,https://www.unibas.ch/en/University/Innovation/Propelling-Grants/Our-Start-ups.html,
Galvita,,https://www.galvita.com/,,,University of Basel,https://www.unibas.ch/en/University/Innovation/Propelling-Grants/Our-Start-ups.html,
Codonis,,https://codonis.ch/,,,University of Basel,https://www.unibas.ch/en/University/Innovation/Propelling-Grants/Our-Start-ups.html,
Voltiris,,https://www.voltiris.com/,,,University of Basel,https://www.unibas.ch/en/University/Innovation/Propelling-Grants/Our-Start-ups.html,
Lean Financial Solutions,,https://leafs.ch/en/,,,University of Basel,https://www.unibas.ch/en/University/Innovation/Propelling-Grants/Our-Start-ups.html,
Keine Agentur,,https://keineagentur.info/,,,University of Basel,https://www.unibas.ch/en/University/Innovation/Propelling-Grants/Our-Start-ups.html,
Artifex Medical,,https://artifex.health/,,,University of Basel,https://www.unibas.ch/en/University/Innovation/Propelling-Grants/Our-Start-ups.html,
CryoWrite,,https://cryowrite.ch/,,,University of Basel,https://www.unibas.ch/en/University/Innovation/Propelling-Grants/Our-Start-ups.html,
Cimeio Therapeutics,,https://www.cimeio.com/,,,University of Basel,https://www.unibas.ch/en/University/Innovation/Propelling-Grants/Our-Start-ups.html,
Consense Philanthropy Consulting,,https://www.aboutconsense.ch,,,University of Basel,https://www.unibas.ch/en/University/Innovation/Propelling-Grants/Our-Start-ups.html,
Rekonas,,https://www.rekonas.com,,,University of Basel,https://www.unibas.ch/en/University/Innovation/Propelling-Grants/Our-Start-ups.html,
Prosalute,,https://www.prosalute.ch/,,,University of Basel,https://www.unibas.ch/en/University/Innovation/Propelling-Grants/Our-Start-ups.html,
Dedomena,,https://www.dedomena.ch/,,,University of Basel,https://www.unibas.ch/en/University/Innovation/Propelling-Grants/Our-Start-ups.html,
Saluta Coach,,https://www.salutacoach.com/,,,University of Basel,https://www.unibas.ch/en/University/Innovation/Propelling-Grants/Our-Start-ups.html,
Bottmedical,,https://www.bottmedical.ch/,,,University of Basel,https://www.unibas.ch/en/University/Innovation/Propelling-Grants/Our-Start-ups.html,
Acthera,,https://acthera-therapeutics.com,,,University of Basel,https://www.unibas.ch/en/University/Innovation/Propelling-Grants/Our-Start-ups.html,
Deep Breath Intelligence,,https://dbi.ch/home,,,University of Basel,https://www.unibas.ch/en/University/Innovation/Propelling-Grants/Our-Start-ups.html,
Nuonex,,https://nuonex.com/,,,University of Basel,https://www.unibas.ch/en/University/Innovation/Propelling-Grants/Our-Start-ups.html,
Ad Mirabiles,,https://www.admirabiles.com/,,,University of Basel,https://www.unibas.ch/en/University/Innovation/Propelling-Grants/Our-Start-ups.html,
KetoSwiss,,https://www.keto.swiss/,,,University of Basel,https://www.unibas.ch/en/University/Innovation/Propelling-Grants/Our-Start-ups.html,
QNAMI,,https://qnami.ch/,,,University of Basel,https://www.unibas.ch/en/University/Innovation/Propelling-Grants/Our-Start-ups.html,
Shapemeans,,https://shapemeans.com/,,,University of Basel,https://www.unibas.ch/en/University/Innovation/Propelling-Grants/Our-Start-ups.html,
Epibreed,,https://epibreed.com/,,,University of Basel,https://www.unibas.ch/en/University/Innovation/Propelling-Grants/Our-Start-ups.html,
T3 Pharmaceuticals,,https://www.t3pharma.com/,,,University of Basel,https://www.unibas.ch/en/University/Innovation/Propelling-Grants/Our-Start-ups.html,
ECyTech,,https://swissbluetecbridge.ch/entrepreneurs/ecytech/,,,University of Basel,https://www.unibas.ch/en/University/Innovation/Propelling-Grants/Our-Start-ups.html,
Artidis,,https://artidis.com/,,,University of Basel,https://www.unibas.ch/en/University/Innovation/Propelling-Grants/Our-Start-ups.html,
Polyneuron,,https://polyneuron.com/,,,University of Basel,https://www.unibas.ch/en/University/Innovation/Propelling-Grants/Our-Start-ups.html,
HEJUBA,,https://hejuba.ch/de/home,,,University of Basel,https://www.unibas.ch/en/University/Innovation/Propelling-Grants/Our-Start-ups.html,
GeneGuide,,https://www.geneguide.com/,,,University of Basel,https://www.unibas.ch/en/University/Innovation/Propelling-Grants/Our-Start-ups.html,
Mimedis,,https://www.medartis.com/fileadmin/user_upload/Investor_Relations/Media_Releases_EN/2017/170705_MM_Medartis_Mimedis_e.pdf,,,University of Basel,https://www.unibas.ch/en/University/Innovation/Propelling-Grants/Our-Start-ups.html,
CureAB,,https://www.cureab.ch/,,,University of Basel,https://www.unibas.ch/en/University/Innovation/Propelling-Grants/Our-Start-ups.html,
Biotechnostics,,https://www.investiere.ch/biotechnostics,,,University of Basel,https://www.unibas.ch/en/University/Innovation/Propelling-Grants/Our-Start-ups.html,
Mininavident,,https://www.mininavident.com/,,,University of Basel,https://www.unibas.ch/en/University/Innovation/Propelling-Grants/Our-Start-ups.html,
Advanced Osteotomy Tools,,https://aot.swiss/company/,,,University of Basel,https://www.unibas.ch/en/University/Innovation/Propelling-Grants/Our-Start-ups.html,
HighDim,,https://highdim.swiss/,,,University of Basel,https://www.unibas.ch/en/University/Innovation/Propelling-Grants/Our-Start-ups.html,
MarktIX,,https://www.marktix.com/,,,University of Basel,https://www.unibas.ch/en/University/Innovation/Propelling-Grants/Our-Start-ups.html,
NanoScan,,https://www.nanoscan.ch/,,,University of Basel,https://www.unibas.ch/en/University/Innovation/Propelling-Grants/Our-Start-ups.html,
Santhera Pharmaceuticals,,https://www.santhera.com/,,,University of Basel,https://www.unibas.ch/en/University/Innovation/Propelling-Grants/Our-Start-ups.html,
Alpha-O Peptides,,https://www.aopeptides.com/,,,University of Basel,https://www.unibas.ch/en/University/Innovation/Propelling-Grants/Our-Start-ups.html,
4-Antibody,,https://agenusbio.com/,,,University of Basel,https://www.unibas.ch/en/University/Innovation/Propelling-Grants/Our-Start-ups.html,
Nanonis,,https://www.specs-group.com/nanonis/products/,,,University of Basel,https://www.unibas.ch/en/University/Innovation/Propelling-Grants/Our-Start-ups.html,
Canoo Engineering,,https://imtf.com/,,,University of Basel,https://www.unibas.ch/en/University/Innovation/Propelling-Grants/Our-Start-ups.html,
Diagene,,https://www.diagene.com/,,,University of Basel,https://www.unibas.ch/en/University/Innovation/Propelling-Grants/Our-Start-ups.html,
Nanosurf,,https://www.nanosurf.com/,,,University of Basel,https://www.unibas.ch/en/University/Innovation/Propelling-Grants/Our-Start-ups.html,
Vitaplant,,https://vitaplant.ch/de/,,,University of Basel,https://www.unibas.ch/en/University/Innovation/Propelling-Grants/Our-Start-ups.html,
dexterousendoscopes.com,,https://www.dexterousendoscopes.com/,,,BioAlps,https://bioalps.org/venture-leaders-medtech-2026/,
molesense.ch,,https://www.molesense.ch/,,,BioAlps,https://bioalps.org/venture-leaders-medtech-2026/,
optizone.ch,,https://www.optizone.ch/,,,BioAlps,https://bioalps.org/venture-leaders-medtech-2026/,
beyond-diagnostics.com,,https://www.beyond-diagnostics.com,,,BioAlps,https://bioalps.org/venture-leaders-medtech-2026/,
neurodaignostics.com,,https://neurodaignostics.com/,,,BioAlps,https://bioalps.org/venture-leaders-medtech-2026/,
rhovica.com,,https://rhovica.com/,,,BioAlps,https://bioalps.org/venture-leaders-medtech-2026/,
skaaltec.com,,https://skaaltec.com/,,,BioAlps,https://bioalps.org/venture-leaders-medtech-2026/,
softletics.ch,,https://softletics.ch/,,,BioAlps,https://bioalps.org/venture-leaders-medtech-2026/,
veltist.com,,https://veltist.com/,,,BioAlps,https://bioalps.org/venture-leaders-medtech-2026/,
