company,city,website,founder_name,founder_contact_masked,source,source_page,also_seen_in,confidence,exclusion_reason
AO Foundation,,,,,Swiss Medtech Day 2026,https://www.swiss-medtech.ch/sites/default/files/2026-06/SMD26_Companies_260610.pdf,,,institution/government/association (foundation)
Association BioAlps,,,,,Swiss Medtech Day 2026,https://www.swiss-medtech.ch/sites/default/files/2026-06/SMD26_Companies_260610.pdf,,,institution/government/association (association)
Association Suisse pour Systèmes de Qualité et de Management (SQS),,,,,Swiss Medtech Day 2026,https://www.swiss-medtech.ch/sites/default/files/2026-06/SMD26_Companies_260610.pdf,,,institution/government/association (association)
Avola Declaration Association,,,,,Swiss Medtech Day 2026,https://www.swiss-medtech.ch/sites/default/files/2026-06/SMD26_Companies_260610.pdf,,,institution/government/association (association)
Becton Dickinson,,,,,Swiss Medtech Day 2026,https://www.swiss-medtech.ch/sites/default/files/2026-06/SMD26_Companies_260610.pdf,,,known large enterprise (becton dickinson)
Berner Fachhochschule,,,,,Swiss Medtech Day 2026,https://www.swiss-medtech.ch/sites/default/files/2026-06/SMD26_Companies_260610.pdf,,,institution/government/association (hochschule)
Boston Scientific AG,,,,,Swiss Medtech Day 2026,https://www.swiss-medtech.ch/sites/default/files/2026-06/SMD26_Companies_260610.pdf,,,known large enterprise (boston scientific)
Canton du Jura,,,,,Swiss Medtech Day 2026,https://www.swiss-medtech.ch/sites/default/files/2026-06/SMD26_Companies_260610.pdf,,,institution/government/association (canton )
CHUV,,,,,Swiss Medtech Day 2026,https://www.swiss-medtech.ch/sites/default/files/2026-06/SMD26_Companies_260610.pdf,,,institution/government/association (chuv)
Curaden AG,,,,,Swiss Medtech Day 2026,https://www.swiss-medtech.ch/sites/default/files/2026-06/SMD26_Companies_260610.pdf,,,known large enterprise (curaden)
Deloitte AG,,,,,Swiss Medtech Day 2026,https://www.swiss-medtech.ch/sites/default/files/2026-06/SMD26_Companies_260610.pdf,,,known consultancy/professional services (deloitte)
DePuy Synthes,,,,,Swiss Medtech Day 2026,https://www.swiss-medtech.ch/sites/default/files/2026-06/SMD26_Companies_260610.pdf,,,known large enterprise (depuy synthes)
DePuy Synthes (JnJ MedTech),,,,,Swiss Medtech Day 2026,https://www.swiss-medtech.ch/sites/default/files/2026-06/SMD26_Companies_260610.pdf,,,known large enterprise (depuy synthes)
Elekta GmbH,,,,,Swiss Medtech Day 2026,https://www.swiss-medtech.ch/sites/default/files/2026-06/SMD26_Companies_260610.pdf,,,known large enterprise (elekta)
Embassy of Canada to Switzerland and Liechtenstein,,,,,Swiss Medtech Day 2026,https://www.swiss-medtech.ch/sites/default/files/2026-06/SMD26_Companies_260610.pdf,,,institution/government/association (embassy)
Empa 401,,,,,Swiss Medtech Day 2026,https://www.swiss-medtech.ch/sites/default/files/2026-06/SMD26_Companies_260610.pdf,,,institution/government/association (empa)
Empa St Gallen,,,,,Swiss Medtech Day 2026,https://www.swiss-medtech.ch/sites/default/files/2026-06/SMD26_Companies_260610.pdf,,,institution/government/association (empa)
EPFL,,,,,Swiss Medtech Day 2026,https://www.swiss-medtech.ch/sites/default/files/2026-06/SMD26_Companies_260610.pdf,,,institution/government/association (epfl)
EPFL - MICROBS,,,,,Swiss Medtech Day 2026,https://www.swiss-medtech.ch/sites/default/files/2026-06/SMD26_Companies_260610.pdf,,,institution/government/association (epfl)
Fachhochschule Nordwestschweiz,,,,,Swiss Medtech Day 2026,https://www.swiss-medtech.ch/sites/default/files/2026-06/SMD26_Companies_260610.pdf,,,institution/government/association (hochschule)
"Fachhochschule Nordwestschweiz, Hochschule für Life Sciences",,,,,Swiss Medtech Day 2026,https://www.swiss-medtech.ch/sites/default/files/2026-06/SMD26_Companies_260610.pdf,,,institution/government/association (hochschule)
FDA,,,,,Swiss Medtech Day 2026,https://www.swiss-medtech.ch/sites/default/files/2026-06/SMD26_Companies_260610.pdf,,,institution/government/association (fda)
Federal Office of Public Health (FOPH),,,,,Swiss Medtech Day 2026,https://www.swiss-medtech.ch/sites/default/files/2026-06/SMD26_Companies_260610.pdf,,,institution/government/association (office of public health)
Fresenius Kabi,,,,,Swiss Medtech Day 2026,https://www.swiss-medtech.ch/sites/default/files/2026-06/SMD26_Companies_260610.pdf,,,known large enterprise (fresenius)
Geistlich Pharma AG,,,,,Swiss Medtech Day 2026,https://www.swiss-medtech.ch/sites/default/files/2026-06/SMD26_Companies_260610.pdf,,,known large enterprise (geistlich pharma)
Gerresheimer AG,,,,,Swiss Medtech Day 2026,https://www.swiss-medtech.ch/sites/default/files/2026-06/SMD26_Companies_260610.pdf,,,known large enterprise (gerresheimer)
Hamilton Medical AG,,,,,Swiss Medtech Day 2026,https://www.swiss-medtech.ch/sites/default/files/2026-06/SMD26_Companies_260610.pdf,,,known large enterprise (hamilton medical)
Heidrick & Struggles,,,,,Swiss Medtech Day 2026,https://www.swiss-medtech.ch/sites/default/files/2026-06/SMD26_Companies_260610.pdf,,,known consultancy/professional services (heidrick & struggles)
Hochschule Luzern,,,,,Swiss Medtech Day 2026,https://www.swiss-medtech.ch/sites/default/files/2026-06/SMD26_Companies_260610.pdf,,,institution/government/association (hochschule)
Hochschule Luzern - Institut für Medizintechnik,,,,,Swiss Medtech Day 2026,https://www.swiss-medtech.ch/sites/default/files/2026-06/SMD26_Companies_260610.pdf,,,institution/government/association (hochschule)
Hochschule Luzern - Technik & Architektur,,,,,Swiss Medtech Day 2026,https://www.swiss-medtech.ch/sites/default/files/2026-06/SMD26_Companies_260610.pdf,,,institution/government/association (hochschule)
Hologic Swiss Group GmbH,,,,,Swiss Medtech Day 2026,https://www.swiss-medtech.ch/sites/default/files/2026-06/SMD26_Companies_260610.pdf,,,known large enterprise (hologic)
Inselspital,,,,,Swiss Medtech Day 2026,https://www.swiss-medtech.ch/sites/default/files/2026-06/SMD26_Companies_260610.pdf,,,institution/government/association (inselspital)
Institut Straumann AG,,,,,Swiss Medtech Day 2026,https://www.swiss-medtech.ch/sites/default/files/2026-06/SMD26_Companies_260610.pdf,,,known large enterprise (straumann)
IT'IS Foundation,,,,,Swiss Medtech Day 2026,https://www.swiss-medtech.ch/sites/default/files/2026-06/SMD26_Companies_260610.pdf,,,institution/government/association (foundation)
Ivoclar Vivadent AG,,,,,Swiss Medtech Day 2026,https://www.swiss-medtech.ch/sites/default/files/2026-06/SMD26_Companies_260610.pdf,,,known large enterprise (ivoclar vivadent)
J&J MedTech CH,,,,,Swiss Medtech Day 2026,https://www.swiss-medtech.ch/sites/default/files/2026-06/SMD26_Companies_260610.pdf,,,known large enterprise (j&j)
"Janssen Vaccines, Branch of Cilag GmbH International",,,,,Swiss Medtech Day 2026,https://www.swiss-medtech.ch/sites/default/files/2026-06/SMD26_Companies_260610.pdf,,,known large enterprise (cilag)
Johnson & Johnson,,,,,Swiss Medtech Day 2026,https://www.swiss-medtech.ch/sites/default/files/2026-06/SMD26_Companies_260610.pdf,,,known large enterprise (johnson & johnson)
Johnson & Johnson Ethicon Sarl,,,,,Swiss Medtech Day 2026,https://www.swiss-medtech.ch/sites/default/files/2026-06/SMD26_Companies_260610.pdf,,,known large enterprise (johnson & johnson)
"Kanton Aargau, Standortförderung",,,,,Swiss Medtech Day 2026,https://www.swiss-medtech.ch/sites/default/files/2026-06/SMD26_Companies_260610.pdf,,,institution/government/association (kanton )
KARL STORZ Endoskope Schweiz AG,,,,,Swiss Medtech Day 2026,https://www.swiss-medtech.ch/sites/default/files/2026-06/SMD26_Companies_260610.pdf,,,known large enterprise (karl storz)
Kontaktstelle Wirtschaft Kanton Zug,,,,,Swiss Medtech Day 2026,https://www.swiss-medtech.ch/sites/default/files/2026-06/SMD26_Companies_260610.pdf,,,institution/government/association (kanton )
KPMG,,,,,Swiss Medtech Day 2026,https://www.swiss-medtech.ch/sites/default/files/2026-06/SMD26_Companies_260610.pdf,,,known consultancy/professional services (kpmg)
Leech Tishman Nelson Hardiman,,,,,Swiss Medtech Day 2026,https://www.swiss-medtech.ch/sites/default/files/2026-06/SMD26_Companies_260610.pdf,,,known consultancy/professional services (leech tishman)
LMD Trade Law PLLC,,,,,Swiss Medtech Day 2026,https://www.swiss-medtech.ch/sites/default/files/2026-06/SMD26_Companies_260610.pdf,,,known consultancy/professional services (lmd trade law)
Medtronic,,,,,Swiss Medtech Day 2026,https://www.swiss-medtech.ch/sites/default/files/2026-06/SMD26_Companies_260610.pdf,,,known large enterprise (medtronic)
Medtronic (Schweiz) AG,,,,,Swiss Medtech Day 2026,https://www.swiss-medtech.ch/sites/default/files/2026-06/SMD26_Companies_260610.pdf,,,known large enterprise (medtronic)
Medtronic Europe Sàrl,,,,,Swiss Medtech Day 2026,https://www.swiss-medtech.ch/sites/default/files/2026-06/SMD26_Companies_260610.pdf,,,known large enterprise (medtronic)
Municipality of Köniz,,,,,Swiss Medtech Day 2026,https://www.swiss-medtech.ch/sites/default/files/2026-06/SMD26_Companies_260610.pdf,,,institution/government/association (municipality)
Oaklins Switzerland AG,,,,,Swiss Medtech Day 2026,https://www.swiss-medtech.ch/sites/default/files/2026-06/SMD26_Companies_260610.pdf,,,known consultancy/professional services (oaklins)
Olympus Schweiz AG,,,,,Swiss Medtech Day 2026,https://www.swiss-medtech.ch/sites/default/files/2026-06/SMD26_Companies_260610.pdf,,,known large enterprise (olympus)
OST Ostschweizer Fachhochschule,,,,,Swiss Medtech Day 2026,https://www.swiss-medtech.ch/sites/default/files/2026-06/SMD26_Companies_260610.pdf,,,institution/government/association (hochschule)
PwC,,,,,Swiss Medtech Day 2026,https://www.swiss-medtech.ch/sites/default/files/2026-06/SMD26_Companies_260610.pdf,,,known consultancy/professional services (pwc)
RENTSCH PARTNER AG,,,,,Swiss Medtech Day 2026,https://www.swiss-medtech.ch/sites/default/files/2026-06/SMD26_Companies_260610.pdf,,,known consultancy/professional services (rentsch partner)
RMS Foundation,,,,,Swiss Medtech Day 2026,https://www.swiss-medtech.ch/sites/default/files/2026-06/SMD26_Companies_260610.pdf,,,institution/government/association (foundation)
Roche Diagnostics (Schweiz) AG,,,,,Swiss Medtech Day 2026,https://www.swiss-medtech.ch/sites/default/files/2026-06/SMD26_Companies_260610.pdf,,,known large enterprise (roche)
Roche Diagnostics Int. AG,,,,,Swiss Medtech Day 2026,https://www.swiss-medtech.ch/sites/default/files/2026-06/SMD26_Companies_260610.pdf,,,known large enterprise (roche)
Roche Diagnostics International,,,,,Swiss Medtech Day 2026,https://www.swiss-medtech.ch/sites/default/files/2026-06/SMD26_Companies_260610.pdf,,,known large enterprise (roche)
Sidley Austin LLP,,,,,Swiss Medtech Day 2026,https://www.swiss-medtech.ch/sites/default/files/2026-06/SMD26_Companies_260610.pdf,,,known consultancy/professional services (sidley austin)
Skills Alliance GmbH,,,,,Swiss Medtech Day 2026,https://www.swiss-medtech.ch/sites/default/files/2026-06/SMD26_Companies_260610.pdf,,,known consultancy/professional services (skills alliance)
Smith & Nephew,,,,,Swiss Medtech Day 2026,https://www.swiss-medtech.ch/sites/default/files/2026-06/SMD26_Companies_260610.pdf,,,known large enterprise (smith & nephew)
Sonova AG,,,,,Swiss Medtech Day 2026,https://www.swiss-medtech.ch/sites/default/files/2026-06/SMD26_Companies_260610.pdf,,,known large enterprise (sonova)
Staatssekretariat für Wirtschaft SECO,,,,,Swiss Medtech Day 2026,https://www.swiss-medtech.ch/sites/default/files/2026-06/SMD26_Companies_260610.pdf,,,institution/government/association (staatssekretariat)
Standortförderung Kanton Bern,,,,,Swiss Medtech Day 2026,https://www.swiss-medtech.ch/sites/default/files/2026-06/SMD26_Companies_260610.pdf,,,institution/government/association (kanton )
Straumann,,,,,Swiss Medtech Day 2026,https://www.swiss-medtech.ch/sites/default/files/2026-06/SMD26_Companies_260610.pdf,,,known large enterprise (straumann)
Straumann Group,,,,,Swiss Medtech Day 2026,https://www.swiss-medtech.ch/sites/default/files/2026-06/SMD26_Companies_260610.pdf,,,known large enterprise (straumann)
Swiss Biotech Association,,,,,Swiss Medtech Day 2026,https://www.swiss-medtech.ch/sites/default/files/2026-06/SMD26_Companies_260610.pdf,,,institution/government/association (association)
Swiss Medtech,,,,,Swiss Medtech Day 2026,https://www.swiss-medtech.ch/sites/default/files/2026-06/SMD26_Companies_260610.pdf,,,known large enterprise (swiss medtech)
Swissmedic,,,,,Swiss Medtech Day 2026,https://www.swiss-medtech.ch/sites/default/files/2026-06/SMD26_Companies_260610.pdf,,,known large enterprise (swissmedic)
Swissmem,,,,,Swiss Medtech Day 2026,https://www.swiss-medtech.ch/sites/default/files/2026-06/SMD26_Companies_260610.pdf,,,institution/government/association (swissmem)
Synthes GmbH,,,,,Swiss Medtech Day 2026,https://www.swiss-medtech.ch/sites/default/files/2026-06/SMD26_Companies_260610.pdf,,,known large enterprise (synthes gmbh)
TAVA - Transatlantic Venture Association,,,,,Swiss Medtech Day 2026,https://www.swiss-medtech.ch/sites/default/files/2026-06/SMD26_Companies_260610.pdf,,,institution/government/association (association)
Tecan Group AG,,,,,Swiss Medtech Day 2026,https://www.swiss-medtech.ch/sites/default/files/2026-06/SMD26_Companies_260610.pdf,,,known large enterprise (tecan)
Tecan Trading AG,,,,,Swiss Medtech Day 2026,https://www.swiss-medtech.ch/sites/default/files/2026-06/SMD26_Companies_260610.pdf,,,known large enterprise (tecan)
U.S. Embassy Bern,,,,,Swiss Medtech Day 2026,https://www.swiss-medtech.ch/sites/default/files/2026-06/SMD26_Companies_260610.pdf,,,institution/government/association (embassy)
US Embassy Brussels,,,,,Swiss Medtech Day 2026,https://www.swiss-medtech.ch/sites/default/files/2026-06/SMD26_Companies_260610.pdf,,,institution/government/association (embassy)
Weija-Gbawe Municipal Hospital,,,,,Swiss Medtech Day 2026,https://www.swiss-medtech.ch/sites/default/files/2026-06/SMD26_Companies_260610.pdf,,,institution/government/association (hospital)
Ypsomed AG,,,,,Swiss Medtech Day 2026,https://www.swiss-medtech.ch/sites/default/files/2026-06/SMD26_Companies_260610.pdf,,,known large enterprise (ypsomed)
Zimmer Biomet,,,,,Swiss Medtech Day 2026,https://www.swiss-medtech.ch/sites/default/files/2026-06/SMD26_Companies_260610.pdf,,,known large enterprise (zimmer biomet)
Zimmer GmbH,,,,,Swiss Medtech Day 2026,https://www.swiss-medtech.ch/sites/default/files/2026-06/SMD26_Companies_260610.pdf,,,known large enterprise (zimmer gmbh)
Zimmer Manufacturing GmbH,,,,,Swiss Medtech Day 2026,https://www.swiss-medtech.ch/sites/default/files/2026-06/SMD26_Companies_260610.pdf,,,known large enterprise (zimmer manufacturing)
Zimmer Switzerland Manufacturing GmbH,,,,,Swiss Medtech Day 2026,https://www.swiss-medtech.ch/sites/default/files/2026-06/SMD26_Companies_260610.pdf,,,known large enterprise (zimmer switzerland)
