company,pages_discovered,pages_crawled,max_depth_reached,products_found,services_found,technologies_found,leadership_found,contact_found,hiring_found
Apheros AG,0,1,0,Y,N,N,N,Y,N
Borobotics GmbH,12,12,2,Y,Y,Y,N,Y,Y
Caterra AG,10,11,1,Y,Y,Y,N,Y,Y
Cellvie AG,19,12,2,Y,Y,Y,Y,Y,Y
Crypto Pharma GmbH,1,2,1,Y,Y,Y,N,Y,N
CSky SA,15,12,2,Y,Y,Y,Y,Y,N
DePoly SA,0,0,0,N,N,N,N,Y,N
Gapfruit AG,26,12,2,Y,Y,Y,N,Y,Y
Haya Therapeutics SA,15,12,2,Y,Y,Y,Y,Y,Y
HeroSupport SA,2,3,1,Y,N,Y,N,Y,N
INERGIO Technologies SA,13,12,1,Y,Y,N,N,Y,N
Isochronic AG,0,1,0,N,N,N,N,Y,N
Kairos Medical AG,0,1,0,Y,Y,N,N,Y,N
Lightium AG,2,3,1,Y,N,N,N,Y,N
Medirapp AG,6,7,1,Y,Y,Y,N,Y,Y
Mimic robotics AG,14,12,1,Y,Y,Y,N,Y,Y
MindMetrix AG,1,2,1,N,Y,N,N,Y,N
Nagi Bioscience SA,54,12,1,Y,Y,Y,Y,Y,N
Neur.on AI Solutions SA,7,7,2,Y,Y,Y,Y,Y,N
Noriware AG,0,1,0,Y,N,N,N,Y,N
NovaGo Therapeutics AG,9,10,2,N,N,Y,Y,Y,N
NovoMOF AG,36,12,2,Y,Y,N,Y,Y,N
Oxara AG,52,12,2,Y,N,N,N,Y,N
Oxyle AG,0,1,0,N,N,N,N,Y,N
Planeto SA,51,12,2,Y,Y,N,N,Y,N
ReoR20 AG,0,1,0,N,N,N,N,Y,N
Swiss-Mile Robotics AG,0,0,0,N,N,N,N,Y,N
Synendos Therapeutics AG,29,12,2,Y,Y,Y,Y,Y,N
Tune Insight SA,35,12,2,Y,Y,Y,Y,Y,N
Ucentrics AG,7,8,1,Y,Y,Y,Y,Y,Y
Unbound Potential GmbH,7,8,2,Y,Y,Y,Y,Y,Y
Versics AG,0,0,0,N,N,N,N,Y,N
Vyzn AG,58,12,2,Y,Y,Y,Y,Y,N
Yeastup AG,16,12,2,N,N,N,N,Y,Y
Adastra Sustainability SA,3,4,1,Y,N,N,Y,Y,N
Aegis Rider AG,17,12,1,Y,Y,N,Y,Y,N
AICA SA,37,12,2,Y,Y,Y,Y,Y,Y
AI Medical AG,20,12,2,Y,N,Y,N,Y,Y
Akina AG,24,12,1,Y,Y,Y,N,Y,N
Alter Ego Technologies AG,5,6,2,Y,N,N,N,Y,N
Annaida Technologies SA,0,1,0,N,N,N,N,Y,N
Artiria Medical SA,5,6,1,Y,Y,Y,Y,Y,Y
Ascento AG,5,3,1,Y,Y,N,Y,Y,N
ASTRA Therapeutics GmbH,7,8,2,Y,N,N,Y,Y,N
Avelo AG,7,7,1,Y,Y,Y,N,Y,Y
Cellestia Biotech AG,0,0,0,N,N,N,N,Y,N
CondenZero GmbH,17,12,2,N,Y,N,Y,Y,N
Decentralized Intelligence AG,18,12,2,Y,Y,Y,Y,Y,N
DEEPLIGHT SA,11,12,1,Y,N,N,N,Y,Y
Egonym AG,16,12,2,Y,Y,Y,Y,Y,N
FenX AG,9,10,1,N,Y,N,N,Y,Y
Floating Robotics AG,11,12,1,Y,Y,Y,N,Y,Y
Glucoloop AG,7,8,2,Y,Y,Y,Y,Y,N
Irmos technologies AG,11,12,2,Y,Y,Y,N,Y,Y
Jua.ai AG,8,1,0,N,N,N,N,Y,N
LifeMatrix Technologies AG,19,12,2,Y,Y,N,Y,Y,N
Linia AG,0,0,0,N,N,N,N,Y,N
MeduSoil SA,0,1,0,N,Y,N,N,Y,N
Miraex SA,6,6,1,Y,N,N,N,Y,N
Navignostics AG,32,12,2,Y,Y,Y,Y,Y,N
Neutrality Sàrl,5,6,1,Y,Y,Y,Y,Y,N
Rapidata AG,22,12,2,Y,Y,Y,Y,Y,N
Sanetics AG,11,12,2,Y,Y,N,N,Y,N
Seprify AG (Impossible Materials AG),34,12,2,Y,Y,Y,N,Y,Y
SmartHelio Sàrl,0,0,0,N,N,N,N,Y,N
Terapet SA,37,12,2,Y,Y,Y,Y,Y,Y
TOLREMO therapeutics AG,50,12,2,N,N,N,Y,Y,Y
Topadur Pharma AG,5,6,2,Y,N,N,Y,Y,N
TOSA swisstech SA,0,1,0,N,N,N,N,Y,N
UniSieve AG,14,12,2,Y,N,N,N,Y,Y
Vandria SA,0,0,0,N,N,N,N,Y,N
Zaamigo AG,0,0,0,N,N,N,N,Y,N
DropGen,0,1,0,Y,N,Y,N,Y,N
Fy Cappa Biologics,0,1,0,N,Y,N,N,Y,N
Myria Biosciences,14,12,2,Y,Y,Y,Y,Y,N
Engimmune Therapeutics,11,12,2,Y,Y,N,Y,Y,N
Pattern BioSciences,3,4,1,Y,N,N,N,Y,Y
Visium,33,12,1,Y,Y,Y,N,Y,N
www.unitelabs.ch,26,12,1,Y,Y,Y,N,Y,N
MaxWell Biosystems AG,123,12,1,Y,Y,Y,N,Y,N
Shift Cryptosecurity,55,12,2,Y,Y,N,N,Y,Y
enGene Statistics,4,5,2,N,N,N,Y,Y,N
Memo Therapeutics,32,12,2,N,Y,Y,Y,Y,N
FGen,15,12,1,Y,N,N,N,Y,N
BioVersys AG,19,12,1,Y,Y,Y,Y,Y,Y
InSphero AG,92,12,1,Y,Y,Y,Y,Y,N
Zurich Instruments,309,12,1,Y,N,Y,Y,Y,N
"DownloadDownload (PDF, 2.7 MB)",0,1,0,N,N,N,N,Y,N
Circelec,0,1,0,N,N,N,N,Y,N
InSituMetrix,17,12,2,Y,Y,N,Y,Y,N
Hikane,3,4,2,Y,Y,N,N,Y,N
Protonica,2,3,1,Y,N,Y,Y,Y,N
Raven Robotics,0,0,0,N,N,N,N,Y,N
Rhonexum,7,8,2,Y,Y,N,Y,Y,N
Syre.ai,7,8,2,Y,N,N,N,Y,N
Timely,0,1,0,N,N,N,N,Y,N
MoleSense,12,12,2,Y,N,N,Y,Y,Y
MyJoint,136,12,2,Y,Y,Y,N,Y,Y
Polypheny GmbH,25,12,2,Y,N,N,N,Y,N
Therayou AG,0,0,0,N,N,N,N,Y,N
Povanhu GmbH,23,12,1,N,N,N,N,Y,N
Inodexa GmbH,4,4,1,Y,Y,Y,Y,Y,N
Basilea Media GmbH,1,2,1,Y,N,N,N,Y,N
POC App AG,9,10,2,Y,Y,N,Y,Y,N
Dentexion,1,2,1,Y,N,Y,Y,Y,N
Moonlight AI,15,12,2,Y,Y,N,N,Y,Y
Narrowin,52,12,2,Y,Y,Y,N,Y,N
Kuori,10,11,1,N,Y,N,N,Y,Y
SEAL Therapeutics,358,12,1,Y,Y,Y,N,Y,N
Mynatix AG,13,12,2,Y,Y,Y,Y,Y,N
Zysthera,0,0,0,N,N,N,N,Y,N
Calingo Insurances,10,11,2,Y,N,N,Y,Y,N
Bottneuro,0,0,0,N,N,N,N,Y,N
Personalized Medical Products,0,0,0,N,N,N,N,Y,N
Aukera therapeutics,1,1,0,N,N,Y,Y,Y,N
Galvita,0,1,0,N,N,N,N,Y,N
Codonis,0,0,0,N,N,N,N,Y,N
Voltiris,24,12,2,N,Y,N,N,Y,N
Lean Financial Solutions,0,0,0,N,N,N,N,Y,N
Keine Agentur,0,0,0,N,N,N,N,Y,N
Artifex Medical,13,12,2,Y,Y,N,Y,Y,N
CryoWrite,0,1,0,N,N,N,N,Y,N
Cimeio Therapeutics,23,12,2,Y,Y,Y,N,Y,Y
Consense Philanthropy Consulting,33,12,2,Y,Y,N,Y,Y,N
Rekonas,15,12,2,Y,N,N,N,Y,Y
Prosalute,24,12,1,Y,N,N,N,Y,N
Dedomena,2,1,0,N,N,N,N,Y,N
Saluta Coach,1,2,1,N,N,N,N,Y,N
Bottmedical,5,5,2,Y,N,Y,N,Y,N
Acthera,0,0,0,N,N,N,N,Y,N
Deep Breath Intelligence,33,12,1,Y,Y,Y,Y,Y,Y
Nuonex,0,0,0,N,N,N,N,Y,N
Ad Mirabiles,30,12,2,Y,Y,N,N,Y,N
KetoSwiss,7,8,2,Y,N,N,Y,Y,Y
QNAMI,47,12,2,Y,N,N,N,Y,N
Shapemeans,1,2,1,Y,N,N,Y,Y,N
Epibreed,3,4,1,N,N,Y,N,Y,N
T3 Pharmaceuticals,18,12,2,Y,Y,Y,Y,Y,N
ECyTech,0,0,0,N,N,N,N,Y,N
Artidis,23,12,2,Y,Y,Y,Y,Y,N
Polyneuron,15,12,2,N,N,Y,Y,Y,N
HEJUBA,59,12,2,Y,Y,Y,Y,Y,N
GeneGuide,4,5,2,N,Y,N,N,Y,N
Mimedis,0,0,0,N,N,N,N,Y,N
CureAB,0,0,0,N,N,N,N,Y,N
Biotechnostics,0,0,0,N,N,N,N,Y,N
Mininavident,0,0,0,N,N,N,N,Y,N
Advanced Osteotomy Tools,0,0,0,N,N,N,N,Y,N
HighDim,0,1,0,N,N,N,N,Y,N
MarktIX,4,5,1,N,N,N,Y,Y,N
NanoScan,21,12,1,N,N,N,N,Y,N
Santhera Pharmaceuticals,70,12,2,Y,N,N,Y,Y,Y
Alpha-O Peptides,0,1,0,Y,N,N,N,Y,N
4-Antibody,30,12,2,Y,Y,Y,Y,Y,N
Nanonis,134,12,1,Y,Y,Y,Y,Y,N
Canoo Engineering,44,12,2,Y,Y,Y,N,Y,N
Diagene,23,12,2,N,Y,N,N,Y,N
Nanosurf,65,12,1,Y,Y,Y,N,Y,N
Vitaplant,21,12,2,Y,Y,N,N,Y,N
dexterousendoscopes.com,27,12,2,Y,Y,Y,N,Y,Y
molesense.ch,12,12,2,Y,N,N,Y,Y,Y
optizone.ch,0,1,0,Y,Y,N,N,Y,N
beyond-diagnostics.com,2,3,1,Y,Y,N,N,Y,N
neurodaignostics.com,15,12,2,Y,N,Y,Y,Y,N
rhovica.com,26,12,2,Y,N,Y,Y,Y,N
skaaltec.com,0,0,0,N,N,N,N,Y,N
softletics.ch,0,1,0,N,N,N,N,Y,N
veltist.com,3,4,1,Y,Y,N,N,Y,N
